STOCK,BUY PRICE,SHARES,SELL PRICE,NET GAIN,GAIN%,BUY DATE,SELL DATE,TOTAL DAYS ON MARKET,K,D,POTENTIAL
0960.HK,36.86410140991211,5500,39.92548751831055,16837.623596191406,8.3,2020-11-03 13:12:12.305237,2020-11-05 13:12:12.305237,2,35.618691400874965,28.65030183510827,357.4339092169013
2338.HK,13.8093900680542,14500,15.365887641906738,22569.214820861816,11.27,2020-11-04 13:12:12.305237,2020-11-09 13:12:12.305237,3,30.21273183922482,22.407054321432557,444.3718200856107
3900.HK,11.915144920349121,35800,10.855634689331055,-37930.46627044678,-8.89,2020-11-09 13:12:12.305237,2020-11-10 13:12:12.305237,1,37.51613939719543,33.5467974338374,623.6169213792033
1109.HK,30.419723510742188,6800,33.36217498779297,20008.670043945312,9.67,2020-11-05 13:12:12.305237,2020-11-11 13:12:12.305237,4,24.02985776008573,15.495932401677209,433.24930961244934
0268.HK,23.799999237060547,8600,22.299999237060547,-12900.0,-6.3,2020-11-06 13:12:12.305237,2020-11-11 13:12:12.305237,3,54.67478728920203,35.640913562993155,646.7929249078468
0512.HK,5.782987117767334,34600,5.792299747467041,322.2169876098633,0.16,2020-11-02 13:12:12.305237,2020-11-12 13:12:12.305237,8,4.959711977718465,4.10714663144945,273.00083069059525
0168.HK,62.46636962890625,3300,67.53904724121094,16739.83612060547,8.12,2020-11-11 13:12:12.305237,2020-11-16 13:12:12.305237,3,33.48317632924807,24.33300993653332,424.471830402734
3868.HK,3.5423972606658936,55000,3.9272499084472656,21166.895627975464,10.86,2020-11-10 13:12:12.305237,2020-11-23 13:12:12.305237,9,33.28547812546965,22.720442508750047,726.9423980513195
1882.HK,20.76937484741211,13400,19.72637176513672,-13976.241302490234,-5.02,2020-11-17 13:12:12.305237,2020-11-26 13:12:12.305237,7,83.47583683580164,76.99303746042534,25.89215117154393
0008.HK,3.66107177734375,113500,3.630242109298706,-3499.167323112488,-0.84,2020-11-16 13:12:12.305237,2020-11-30 13:12:12.305237,10,33.869964141888545,31.809818701702028,446.6113831668939
0772.HK,60.79999923706055,2200,57.349998474121094,-7590.001678466797,-5.67,2020-11-18 13:12:12.305237,2020-12-01 13:12:12.305237,9,23.6325819775059,18.534995591787283,635.0334207735605
0941.HK,36.54507827758789,3700,34.66604995727539,-6952.40478515625,-5.14,2020-11-26 13:12:12.305237,2020-12-09 13:12:12.305237,9,12.3110861034903,8.514202500426913,242.67557801441396
6837.HK,5.805422782897949,22200,5.6261372566223145,-3980.138683319092,-3.09,2020-11-27 13:12:12.305237,2020-12-11 13:12:12.305237,10,53.84460932446435,47.71603377445441,452.6935232963114
3998.HK,2.8265419006347656,77300,3.1798598766326904,27311.479544639587,12.5,2020-11-23 13:12:12.305237,2020-12-14 13:12:12.305237,15,24.44441547540573,17.844432098847534,525.6814036155135
3360.HK,6.959650039672852,13000,6.633023738861084,-4246.1419105529785,-4.69,2020-12-01 13:12:12.305237,2020-12-15 13:12:12.305237,10,74.19122564087743,68.49277472589436,424.90033581001916
1919.HK,4.742141819000245,48300,4.490087175369263,-12174.239287376413,-5.32,2020-12-18 13:12:12.305237,2020-12-22 13:12:12.305237,2,58.83824302227039,47.74498715412478,621.7790810272519
3899.HK,4.236073017120361,54000,4.024269104003906,-11437.411308288574,-5.0,2020-12-17 13:12:12.305237,2020-12-24 13:12:12.305237,5,33.71150781699097,20.785922232479567,564.3764445930916
2777.HK,9.1039457321167,8600,8.794411659240723,-2661.9930267333984,-3.4,2020-12-11 13:12:12.305237,2020-12-28 13:12:12.305237,10,20.165196845275577,16.245516738951256,463.89345399667025
0551.HK,14.382874488830566,10400,14.50432300567627,1263.0645751953125,0.84,2020-12-23 13:12:12.305237,2020-12-29 13:12:12.305237,3,50.676544252385256,48.83268988919391,445.8053018735131
9987.HK,448.5661926269531,600,445.57568359375,-1794.305419921875,-0.67,2020-12-16 13:12:12.305237,2020-12-31 13:12:12.305237,10,25.288125543093035,23.46218130371426,638.8779954371983
3918.HK,9.384483337402344,9200,9.5413818359375,1443.4661865234375,1.67,2020-12-24 13:12:12.305237,2021-01-11 13:12:12.305237,10,18.653955411720766,14.395703623389712,659.6451412523137
0019.HK,28.494869232177734,10000,31.8082275390625,33133.583068847656,11.63,2020-12-29 13:12:12.305237,2021-01-13 13:12:12.305237,10,15.550432945998557,12.033325695097222,614.177681758144
2778.HK,3.7975311279296875,74800,3.8806283473968506,6215.672016143799,2.19,2020-12-30 13:12:12.305237,2021-01-14 13:12:12.305237,10,40.54146921208043,26.883199946695022,692.6526546480266
1316.HK,9.96633243560791,9000,11.071549415588379,9946.952819824219,11.09,2021-01-12 13:12:12.305237,2021-01-18 13:12:12.305237,4,47.64957774924521,33.180219803320746,188.90552610664213
2400.HK,54.29999923706055,13000,65.5,145600.0099182129,20.63,2021-01-18 13:12:12.305237,2021-01-19 13:12:12.305237,1,72.94601407670051,70.02915587698428,342.15864110352777
0512.HK,6.174107551574707,300,6.6862874031066895,153.65395545959473,8.3,2021-01-20 13:12:12.305237,2021-01-21 13:12:12.305237,1,27.884023639410447,18.804910533480758,311.11494322344043
0014.HK,23.878887176513672,11100,24.257247924804688,4199.804306030273,1.58,2020-12-31 13:12:12.305237,2021-01-22 13:12:12.305237,15,15.046411298840193,13.754074324208664,648.7203859975178
0604.HK,2.009352445602417,41700,2.079719066619873,2934.2880964279175,3.5,2020-12-28 13:12:12.305237,2021-01-25 13:12:12.305237,19,13.365074803884971,12.43268942062235,613.9576015592106
0268.HK,31.299999237060547,27200,35.25,107440.02075195312,12.62,2021-01-19 13:12:12.305237,2021-01-25 13:12:12.305237,4,57.2483831509724,47.411825778454286,480.4707079632716
2282.HK,11.539999961853027,68600,12.84000015258789,89180.01308441162,11.27,2021-02-01 13:12:12.305237,2021-02-11 13:12:12.305237,8,22.769228737734736,18.087830176044157,293.08694650556777
0780.HK,14.180000305175781,27900,14.380000114440918,5579.994678497314,1.41,2021-02-02 13:12:12.305237,2021-02-16 13:12:12.305237,8,39.302320810445615,27.46306488669425,605.1234762142348
2319.HK,46.71285629272461,2700,47.244781494140625,1436.1980438232422,1.14,2021-02-05 13:12:12.305237,2021-02-19 13:12:12.305237,8,24.102951529705322,16.638749884793718,708.5805815832642
0016.HK,95.7652816772461,4100,106.37734985351562,43509.47952270508,11.08,2021-02-16 13:12:12.305237,2021-02-23 13:12:12.305237,5,41.34046438441242,24.016927560854437,620.8818501507751
1988.HK,3.7115747928619385,237500,3.735417604446411,5662.667751312256,0.64,2021-02-11 13:12:12.305237,2021-02-24 13:12:12.305237,7,35.384603531551704,28.818802491032386,674.9497330038115
3396.HK,11.160032272338867,11400,10.498299598693848,-7543.752479553223,-5.93,2021-02-19 13:12:12.305237,2021-02-24 13:12:12.305237,3,19.165317016943607,13.085878505228132,593.924683340908
0604.HK,2.009352445602417,1900,2.1422669887542725,252.5376319885254,6.61,2021-02-08 13:12:12.305237,2021-02-25 13:12:12.305237,11,17.777756186886126,16.65411353898353,537.1424552318304
2778.HK,3.8307700157165527,2000,3.656266450881958,-349.00712966918945,-4.56,2021-02-17 13:12:12.305237,2021-03-03 13:12:12.305237,10,33.186256923843075,17.609753043236708,589.9246486529631
3606.HK,48.69050216674805,3600,43.57233428955078,-18425.404357910156,-10.51,2021-03-03 13:12:12.305237,2021-03-04 13:12:12.305237,1,18.326497735023267,12.927498969524203,444.4724991758701
2007.HK,8.647469520568848,50500,8.583277702331543,-3241.6868209838867,-0.74,2021-02-23 13:12:12.305237,2021-03-09 13:12:12.305237,10,19.08831190868208,16.002112460644106,0.5245034910252215
1308.HK,14.649131774902344,23000,15.024749755859375,8639.213562011719,2.56,2021-03-01 13:12:12.305237,2021-03-09 13:12:12.305237,6,81.99246712569659,75.50562128230828,192.1758479298091
0179.HK,21.193756103515625,16000,21.193756103515625,0.0,0.0,2021-02-25 13:12:12.305237,2021-03-11 13:12:12.305237,10,33.94992683397675,27.83548040202633,315.42395070511236
2057.HK,245.207763671875,1200,246.40292358398438,1434.19189453125,0.49,2021-03-09 13:12:12.305237,2021-03-11 13:12:12.305237,2,31.226159132745114,30.7192749225841,590.4921098321855
1913.HK,46.425777435302734,5900,50.532108306884766,24227.352142333984,8.84,2021-03-10 13:12:12.305237,2021-03-12 13:12:12.305237,2,29.857829100678657,21.201393726857553,385.5770073546786
9901.HK,137.0,4300,124.5,-53750.0,-9.12,2021-03-15 13:12:12.305237,2021-03-19 13:12:12.305237,4,36.792332928089465,30.739265860041776,604.658151968397
0558.HK,6.988442420959473,55900,7.790687084197998,44845.47667503357,11.48,2021-03-16 13:12:12.305237,2021-03-22 13:12:12.305237,4,34.572500940393766,25.147949504070326,679.0211501436091
0467.HK,1.3609992265701294,200,1.2809405326843262,-16.011738777160645,-5.88,2021-03-18 13:12:12.305237,2021-03-24 13:12:12.305237,4,61.519334719838994,53.948037893679796,388.39352446467603
0636.HK,14.598701477050781,13300,14.662452697753906,847.8912353515625,0.44,2021-03-17 13:12:12.305237,2021-03-25 13:12:12.305237,6,28.36379019103746,20.994334601295503,662.7767683847572
2601.HK,27.713497161865234,8200,25.809856414794922,-15609.854125976562,-6.87,2021-03-29 13:12:12.305237,2021-04-07 13:12:12.305237,4,8.905280629734651,5.529597083495476,527.9633473741137
6186.HK,17.466787338256836,16800,19.347183227539062,31590.650939941406,10.77,2021-03-11 13:12:12.305237,2021-04-08 13:12:12.305237,17,20.78884244750984,13.390845722027446,614.0903012067337
0019.HK,36.711997985839844,6200,40.56330108642578,23878.079223632812,10.49,2021-03-26 13:12:12.305237,2021-04-08 13:12:12.305237,6,25.067943326669045,16.210459527690084,501.73498449381367
1997.HK,39.820682525634766,12200,39.807945251464844,-155.39474487304688,-0.03,2021-03-22 13:12:12.305237,2021-04-09 13:12:12.305237,11,29.999983662880066,27.71792580820034,573.5915495617891
1208.HK,4.53000020980835,49800,5.019999980926514,24401.98860168457,10.82,2021-03-30 13:12:12.305237,2021-04-14 13:12:12.305237,8,23.85618520756041,17.03009344962228,686.5567214465957
0670.HK,3.740000009536743,140600,3.559999942779541,-25308.009386062622,-4.81,2021-04-08 13:12:12.305237,2021-04-22 13:12:12.305237,10,44.63768486515007,42.60869661366056,409.7744494632608
1988.HK,3.449300765991211,72400,3.465196132659912,1150.8245468139648,0.46,2021-04-16 13:12:12.305237,2021-04-26 13:12:12.305237,6,8.418457629482736,5.314477234136173,424.6727645578534
1288.HK,2.4297616481781006,102600,2.344097375869751,-8789.15433883667,-3.53,2021-04-19 13:12:12.305237,2021-05-03 13:12:12.305237,10,26.923028619121403,21.538427831167972,537.7731050501733
3320.HK,4.639408588409424,53900,4.787278175354004,7970.170736312866,3.19,2021-04-14 13:12:12.305237,2021-05-04 13:12:12.305237,14,12.660514872544576,10.502445112891357,393.1604988258475
0656.HK,12.474390029907227,20900,11.796025276184082,-14177.82335281372,-5.44,2021-05-04 13:12:12.305237,2021-05-05 13:12:12.305237,1,64.93263954421748,49.69405492218971,438.4330182039647
0688.HK,17.072404861450195,29300,16.587053298950195,-14220.80078125,-2.84,2021-04-22 13:12:12.305237,2021-05-06 13:12:12.305237,10,21.526109656419234,19.75579917077501,495.1508261549229
9988.HK,231.39999389648438,1000,219.8000030517578,-11599.990844726562,-5.01,2021-04-29 13:12:12.305237,2021-05-07 13:12:12.305237,6,48.6241356152869,40.89190862448915,254.24816608886425
6823.HK,9.09851360321045,27300,9.016851425170898,-2229.3774604797363,-0.9,2021-04-20 13:12:12.305237,2021-05-11 13:12:12.305237,15,38.33335964717242,31.735086987011538,599.192055097175
1030.HK,7.840382099151611,28100,7.446015357971191,-11081.7054271698,-5.03,2021-05-06 13:12:12.305237,2021-05-12 13:12:12.305237,4,9.715038497058245,7.992670600884412,478.1551853755057
0152.HK,11.178651809692383,9900,10.743024826049805,-4312.707138061523,-3.9,2021-05-10 13:12:12.305237,2021-05-25 13:12:12.305237,10,61.87497949780406,44.6250173038728,525.6221801441602
2269.HK,107.9000015258789,1700,121.19999694824219,22609.992218017578,12.33,2021-05-17 13:12:12.305237,2021-05-27 13:12:12.305237,7,36.37254480305505,28.90536876257114,615.8086349229453
1929.HK,11.668484687805176,9600,12.931384086608887,12123.834228515625,10.82,2021-05-12 13:12:12.305237,2021-05-28 13:12:12.305237,11,30.234698222341997,19.53688580675039,621.1016374517077
1238.HK,6.987916469573975,33800,6.578400135040283,-13841.65210723877,-5.86,2021-05-25 13:12:12.305237,2021-05-28 13:12:12.305237,3,28.600014110686978,22.242727118843028,574.4732238329776
0101.HK,17.371490478515625,7900,17.33607292175293,-279.79869842529297,-0.2,2021-05-14 13:12:12.305237,2021-05-31 13:12:12.305237,10,18.660010947416204,18.165853084364706,591.4190955818954
2018.HK,44.27693557739258,6800,46.441585540771484,14719.619750976562,4.89,2021-05-18 13:12:12.305237,2021-05-31 13:12:12.305237,8,32.99270496260097,15.617349309430915,599.7142805720281
1898.HK,4.217919826507568,47500,4.270864486694336,2514.87135887146,1.26,2021-06-01 13:12:12.305237,2021-06-09 13:12:12.305237,6,67.50259838941314,60.3198118988992,466.5436740286218
1919.HK,7.755524635314941,51800,8.657328605651855,46713.44566345215,11.63,2021-06-09 13:12:12.305237,2021-06-10 13:12:12.305237,1,52.88676380918749,41.23527365411716,319.160015215334
2607.HK,14.527575492858887,46600,14.765731811523438,11098.084449768066,1.64,2021-05-27 13:12:12.305237,2021-06-11 13:12:12.305237,11,19.14735608913973,11.62005393530364,575.0195250125412
0883.HK,6.239086627960205,32100,6.465830326080322,7278.472709655762,3.63,2021-06-02 13:12:12.305237,2021-06-17 13:12:12.305237,10,41.36994039998026,38.81384541881597,422.45467693107037
1199.HK,5.4772186279296875,36500,5.451136589050293,-951.9944190979004,-0.48,2021-06-07 13:12:12.305237,2021-06-22 13:12:12.305237,10,10.433774767400724,6.776751402136005,535.6905049577715
2319.HK,44.03843307495117,25800,44.37943649291992,8797.88818359375,0.77,2021-06-11 13:12:12.305237,2021-06-22 13:12:12.305237,6,69.13134234577467,66.73234311919602,349.3999472041227
0873.HK,21.850000381469727,9500,24.899999618530273,28974.992752075195,13.96,2021-06-17 13:12:12.305237,2021-06-22 13:12:12.305237,3,71.22856704953426,65.19260719321963,224.2540814843253
0005.HK,41.8511962890625,15200,42.12562942504883,4171.3836669921875,0.66,2021-06-22 13:12:12.305237,2021-06-23 13:12:12.305237,1,17.332585657802134,16.51251313161949,551.061743640151
3319.HK,34.680946350097656,13700,32.89873504638672,-24416.294860839844,-5.14,2021-06-25 13:12:12.305237,2021-07-07 13:12:12.305237,7,26.33812549760255,15.924595909375972,557.1608307992216
0754.HK,21.90699005126953,43500,21.335243225097656,-24870.986938476562,-2.61,2021-06-23 13:12:12.305237,2021-07-08 13:12:12.305237,10,47.566254347518324,38.78790350673478,595.0772420761557
1999.HK,16.61564826965332,13400,15.66671371459961,-12715.723037719727,-5.71,2021-07-13 13:12:12.305237,2021-07-15 13:12:12.305237,2,19.96979128171888,16.665119395892116,540.9257741437452
2269.HK,137.6999969482422,800,129.6999969482422,-6400.0,-5.81,2021-07-15 13:12:12.305237,2021-07-23 13:12:12.305237,6,62.276921198918274,54.646151968149034,444.04524011872996
1810.HK,26.649999618530273,7700,25.850000381469727,-6159.994125366211,-3.0,2021-07-12 13:12:12.305237,2021-07-26 13:12:12.305237,10,21.842431915112225,12.862517096838735,641.2475060902557
2869.HK,9.088274002075195,14800,8.068757057189941,-15088.850784301758,-11.22,2021-07-22 13:12:12.305237,2021-07-26 13:12:12.305237,2,10.54458671015885,6.032319911446182,435.1492505911387
1516.HK,18.29157829284668,6400,17.30284309387207,-6327.9052734375,-5.41,2021-07-29 13:12:12.305237,2021-07-30 13:12:12.305237,1,22.614448754969622,14.366459776716848,593.4872990960375
1308.HK,22.94349479675293,5100,21.481237411499023,-7457.512664794922,-6.37,2021-08-02 13:12:12.305237,2021-08-05 13:12:12.305237,3,48.111783430089325,37.74787201825091,595.5376184586388
0336.HK,17.9993839263916,7900,16.712339401245117,-10167.651748657227,-7.15,2021-08-03 13:12:12.305237,2021-08-05 13:12:12.305237,2,44.10127378748335,34.09941751551706,555.1921153085709
0004.HK,26.266082763671875,7200,23.830501556396484,-17536.184692382812,-9.27,2021-08-04 13:12:12.305237,2021-08-06 13:12:12.305237,2,17.04596262901561,8.999378197761962,637.6463435762481
1800.HK,3.2583329677581787,30700,3.419017791748047,4933.024096488953,4.93,2021-07-28 13:12:12.305237,2021-08-09 13:12:12.305237,8,29.363996100109553,24.441298244788175,481.75901927950576
0772.HK,74.4000015258789,4000,64.6500015258789,-39000.0,-13.1,2021-08-10 13:12:12.305237,2021-08-17 13:12:12.305237,5,23.113952785865724,18.312325752340083,137.54439162570142
3669.HK,11.51814079284668,25000,10.677399635314941,-21018.528938293457,-7.3,2021-08-16 13:12:12.305237,2021-08-19 13:12:12.305237,3,20.81685329256438,15.449948099325326,513.3340177290044
0881.HK,66.3246841430664,4400,60.010311126708984,-27783.241271972656,-9.52,2021-08-11 13:12:12.305237,2021-08-20 13:12:12.305237,7,28.597036078564866,23.511271537240145,584.8101599212763
0001.HK,50.78485107421875,5800,50.51988983154297,-1536.7752075195312,-0.52,2021-08-09 13:12:12.305237,2021-08-23 13:12:12.305237,10,24.763742889535287,15.045057013082765,5.161318362655143
3898.HK,49.33955764770508,2300,44.624671936035156,-10844.23713684082,-9.56,2021-08-24 13:12:12.305237,2021-08-31 13:12:12.305237,5,18.372757674180868,9.539389592755374,611.5929190790927
0003.HK,11.678220748901367,23400,11.299759864807129,-8855.984687805176,-3.24,2021-08-18 13:12:12.305237,2021-09-01 13:12:12.305237,10,55.99991778724624,46.77281566787567,380.82555168042734
1179.HK,33.97210693359375,2700,37.96882629394531,10791.142272949219,11.76,2021-08-23 13:12:12.305237,2021-09-01 13:12:12.305237,7,61.7598324117072,59.30689385520966,41.96276026493793
6160.HK,174.0,1500,189.10000610351562,22650.009155273438,8.68,2021-08-27 13:12:12.305237,2021-09-01 13:12:12.305237,3,31.49170854638505,25.61378667696518,450.34952713737107
0257.HK,4.421693325042725,155800,5.310287952423096,138443.04294586182,20.1,2021-09-01 13:12:12.305237,2021-09-06 13:12:12.305237,3,73.70555220457852,72.75893302203907,285.78975598954287
2357.HK,5.793885707855225,25700,5.860921859741211,1722.8291034698486,1.16,2021-08-25 13:12:12.305237,2021-09-07 13:12:12.305237,9,41.968476740310294,32.61454804489258,530.5691316717398
2688.HK,144.2571258544922,1400,134.88369750976562,-13122.799682617188,-6.5,2021-08-31 13:12:12.305237,2021-09-14 13:12:12.305237,10,28.565576098790636,20.400098425533347,391.2164683578808
1030.HK,7.010000228881836,118100,6.460000038146973,-64955.02252578735,-7.85,2021-09-06 13:12:12.305237,2021-09-14 13:12:12.305237,6,60.23453566306811,59.43425161340942,431.0190352351688
1093.HK,9.377646446228027,100,8.59432601928711,-78.3320426940918,-8.35,2021-09-03 13:12:12.305237,2021-09-16 13:12:12.305237,9,23.543332148150178,18.089502095174417,466.74243324900334
0763.HK,25.353900909423828,13500,26.16867446899414,10999.443054199219,3.21,2021-09-02 13:12:12.305237,2021-09-17 13:12:12.305237,11,25.58814153359747,22.93902460942844,630.2801523528844
1378.HK,10.987687110900879,13600,9.969396591186523,-13848.751068115234,-9.27,2021-09-10 13:12:12.305237,2021-09-17 13:12:12.305237,5,66.9713274393371,62.00658455483263,136.026841983326
0316.HK,119.87797546386719,2500,110.20416259765625,-24184.532165527344,-8.07,2021-09-23 13:12:12.305237,2021-09-27 13:12:12.305237,2,30.583959863460063,26.676859712063106,490.57104380443286
0992.HK,7.267086029052734,39800,8.327245712280273,42194.355392456055,14.59,2021-09-21 13:12:12.305237,2021-10-04 13:12:12.305237,7,38.52632261996915,37.852637369370896,408.8480352271755
0683.HK,17.417343139648438,12500,18.833040237426758,17696.213722229004,8.13,2021-09-29 13:12:12.305237,2021-10-06 13:12:12.305237,4,24.915595222978517,20.54848511249626,602.1542447650281
2331.HK,88.02234649658203,5400,81.7593002319336,-33820.44982910156,-7.12,2021-10-05 13:12:12.305237,2021-10-06 13:12:12.305237,1,22.41584189958073,18.85348103558733,666.3701064639345
1066.HK,13.066595077514648,22100,13.829794883728027,16866.715717315674,5.84,2021-09-17 13:12:12.305237,2021-10-07 13:12:12.305237,12,61.711948977563246,53.82301959529268,178.1611810921668
2518.HK,88.07511138916016,3300,99.42037200927734,37439.36004638672,12.88,2021-09-30 13:12:12.305237,2021-10-11 13:12:12.305237,6,39.67962641123836,28.329519351305642,523.1222889564422
1530.HK,7.256302833557129,45200,6.89253044128418,-16442.512130737305,-5.01,2021-10-07 13:12:12.305237,2021-10-12 13:12:12.305237,3,16.268005237515872,14.783056489768573,631.5954953694014
0754.HK,16.2195987701416,11600,18.039676666259766,21112.903594970703,11.22,2021-09-28 13:12:12.305237,2021-10-21 13:12:12.305237,15,26.258519555971723,22.60157091526037,583.5537506258686
2150.HK,10.199999809265137,20900,9.649999618530273,-11495.003986358643,-5.39,2021-10-15 13:12:12.305237,2021-10-21 13:12:12.305237,4,14.232416134617768,11.674086860178644,612.6853035376917
1313.HK,6.477757453918457,31800,6.150689601898193,-10400.757694244385,-5.05,2021-10-22 13:12:12.305237,2021-10-26 13:12:12.305237,2,8.30001365785135,7.26853574457125,589.2374749923996
0390.HK,3.6043906211853027,181900,3.567797899246216,-6656.21612071991,-1.02,2021-10-11 13:12:12.305237,2021-10-27 13:12:12.305237,11,18.181829688230973,15.88637609815419,681.526340353608
3323.HK,8.633744239807129,24700,7.8264546394348145,-19940.053129196167,-9.35,2021-10-18 13:12:12.305237,2021-11-01 13:12:12.305237,10,8.560885515624275,7.560199270599955,621.8605107368378
6823.HK,9.195411682128906,23000,9.160907745361328,-793.5905456542969,-0.38,2021-10-19 13:12:12.305237,2021-11-02 13:12:12.305237,10,45.88249782685937,45.1766019079343,505.8646113400376
0780.HK,16.6200008392334,6800,16.639999389648438,135.99014282226562,0.12,2021-11-03 13:12:12.305237,2021-11-04 13:12:12.305237,1,25.287357455815823,21.996240896195882,542.4837339822311
1876.HK,20.895151138305664,5600,20.408082962036133,-2727.581787109375,-2.33,2021-10-29 13:12:12.305237,2021-11-12 13:12:12.305237,10,43.46915942835655,30.61319751130935,511.4008080844611
9987.HK,444.1162109375,800,421.3717041015625,-18195.60546875,-5.12,2021-11-08 13:12:12.305237,2021-11-18 13:12:12.305237,8,26.901026256885245,22.57246043717661,397.34030395249
9888.HK,168.89999389648438,1400,156.39999389648438,-17500.0,-7.4,2021-11-16 13:12:12.305237,2021-11-18 13:12:12.305237,2,44.0154543879928,33.77663280564233,626.5374583308809
1910.HK,17.520000457763672,18700,17.020000457763672,-9350.0,-2.85,2021-11-09 13:12:12.305237,2021-11-23 13:12:12.305237,10,35.368375309842776,22.468604533723486,493.78260274677876
1055.HK,4.880000114440918,67100,4.730000019073486,-10065.006399154663,-3.07,2021-11-11 13:12:12.305237,2021-11-25 13:12:12.305237,10,40.270289427357056,24.287203958298896,542.1640142666356
0586.HK,35.33789825439453,5700,35.61541748046875,1581.8595886230469,0.79,2021-11-17 13:12:12.305237,2021-11-25 13:12:12.305237,6,51.71196740522164,44.26406443777315,600.3393146533251
0316.HK,103.239013671875,1300,111.82936096191406,11167.451477050781,8.32,2021-11-23 13:12:12.305237,2021-11-29 13:12:12.305237,4,40.59114093599431,37.194070862727415,352.18432732299937
0005.HK,42.66142654418945,2200,39.7895393371582,-6318.15185546875,-6.73,2021-11-19 13:12:12.305237,2021-11-30 13:12:12.305237,7,35.882368127022616,28.673072192081566,638.2289608386419
1113.HK,42.93923568725586,11200,40.61696243286133,-26009.46044921875,-5.41,2021-11-25 13:12:12.305237,2021-11-30 13:12:12.305237,3,42.00006176633299,28.600107872327907,530.405055766844
2269.HK,107.69999694824219,1800,95.9000015258789,-21239.991760253906,-10.96,2021-12-01 13:12:12.305237,2021-12-06 13:12:12.305237,3,55.34540553156959,47.5055937029177,137.3419749135448
0003.HK,10.844858169555664,20000,10.608309745788574,-4730.968475341797,-2.18,2021-11-24 13:12:12.305237,2021-12-08 13:12:12.305237,10,32.12125344320813,23.82853614425207,434.63615187798786
2618.HK,25.75,9800,28.299999237060547,24989.99252319336,9.9,2021-12-03 13:12:12.305237,2021-12-09 13:12:12.305237,4,7.567571691564612,3.7115993867784867,422.0447556115278
0014.HK,21.149667739868164,10200,21.281579971313477,1345.5047607421875,0.62,2021-12-02 13:12:12.305237,2021-12-15 13:12:12.305237,9,4.895964235330766,4.005215343181385,430.2664578162346
2331.HK,91.46944427490234,5100,86.66292572021484,-24513.24462890625,-5.25,2021-12-09 13:12:12.305237,2021-12-15 13:12:12.305237,4,36.76839141452787,27.782841409948684,490.77325096243715
1913.HK,52.20728302001953,2500,48.610130310058594,-8992.881774902344,-6.89,2021-12-08 13:12:12.305237,2021-12-17 13:12:12.305237,7,43.00971031364561,33.387744382989865,488.78780704457756
0101.HK,13.950933456420898,8100,13.861503601074219,-724.3818283081055,-0.64,2021-12-07 13:12:12.305237,2021-12-21 13:12:12.305237,10,10.004533942646177,6.099043221421448,512.2633417380368
0336.HK,14.28815746307373,5700,14.770215034484863,2747.728157043457,3.37,2021-12-21 13:12:12.305237,2021-12-24 13:12:12.305237,3,13.809148383095442,11.593881811043477,550.413589384009
9992.HK,46.82712173461914,7900,43.711910247802734,-24610.17074584961,-6.65,2021-12-16 13:12:12.305237,2021-12-28 13:12:12.305237,7,10.009303418302485,9.11471152696637,582.7028747025457
3898.HK,42.61715316772461,3200,39.38711929321289,-10336.1083984375,-7.58,2021-12-23 13:12:12.305237,2022-01-05 13:12:12.305237,8,20.72673294990543,13.680312719307969,529.5920842168736
0425.HK,32.035545349121094,11600,29.871618270874023,-25101.554107666016,-6.75,2021-12-24 13:12:12.305237,2022-01-06 13:12:12.305237,8,21.923374495163323,15.010895641370777,550.7189774763327
0669.HK,148.63722229003906,2300,140.30511474609375,-19163.84735107422,-5.61,2021-12-31 13:12:12.305237,2022-01-07 13:12:12.305237,5,12.033099006878937,10.412412860241544,228.50945630728722
1888.HK,11.348450660705566,31500,11.593256950378418,7711.398124694824,2.16,2021-12-28 13:12:12.305237,2022-01-10 13:12:12.305237,9,29.15121085706669,18.67896055091923,617.8810081803298
1658.HK,5.490958213806152,16400,5.56285285949707,1179.0721893310547,1.31,2022-01-07 13:12:12.305237,2022-01-14 13:12:12.305237,5,69.57627841449616,47.286520654399354,325.4181813934483
1044.HK,39.095947265625,9300,36.91384506225586,-20293.550491333008,-5.58,2022-01-12 13:12:12.305237,2022-01-14 13:12:12.305237,2,61.137389055214896,49.19325857161201,499.6749253015879
0914.HK,35.80438995361328,10200,35.89025115966797,875.7843017578125,0.24,2022-01-10 13:12:12.305237,2022-01-19 13:12:12.305237,7,65.79369625733761,56.57464542413406,225.4436412774036
0512.HK,5.949535369873047,49100,5.590674877166748,-17620.050191879272,-6.03,2022-01-21 13:12:12.305237,2022-01-25 13:12:12.305237,2,47.058867072775804,45.11293896623723,282.5435442264411
1776.HK,13.17302131652832,22600,12.299673080444336,-19737.670135498047,-6.63,2022-01-19 13:12:12.305237,2022-01-27 13:12:12.305237,6,22.95733947962274,16.33714236836921,599.4997814657409
0270.HK,8.195140838623047,12100,9.277200698852539,13092.924308776855,13.2,2021-12-22 13:12:12.305237,2022-01-31 13:12:12.305237,27,10.875020427375526,8.369382657143872,503.39731137385843
1268.HK,33.35069274902344,8000,35.4292106628418,16628.143310546875,6.23,2022-01-18 13:12:12.305237,2022-02-04 13:12:12.305237,10,18.15126555154278,12.496484059168205,503.451330673549
1038.HK,44.13726806640625,6800,44.04746627807617,-610.6521606445312,-0.2,2022-01-20 13:12:12.305237,2022-02-08 13:12:12.305237,10,70.51696416384694,67.40311536234859,436.45457560414343
0005.HK,51.04548263549805,3900,54.658504486083984,14090.785217285156,7.08,2022-01-31 13:12:12.305237,2022-02-11 13:12:12.305237,6,87.88395052626504,83.69701286804104,282.1947054936727
3633.HK,8.098959922790527,58900,7.694011688232422,-23851.451015472412,-5.0,2022-02-04 13:12:12.305237,2022-02-11 13:12:12.305237,5,40.647755092774254,31.94730845026761,310.7198714487022
1093.HK,8.79092788696289,17100,8.809650421142578,320.15533447265625,0.21,2022-02-08 13:12:12.305237,2022-02-14 13:12:12.305237,4,59.472414959916094,54.996886634533176,424.1510586794027
0002.HK,71.57133483886719,3800,73.3594741821289,6794.929504394531,2.5,2022-01-26 13:12:12.305237,2022-02-15 13:12:12.305237,11,37.04888161977725,33.49200077920377,636.0883903542632
0384.HK,12.327554702758789,12100,11.368143081665039,-11608.880615234375,-7.78,2022-02-09 13:12:12.305237,2022-02-22 13:12:12.305237,9,9.673001394718373,5.993492697587722,546.2316263396822
0241.HK,6.059999942779541,60300,5.590000152587891,-28340.98734855652,-7.76,2022-02-17 13:12:12.305237,2022-02-22 13:12:12.305237,3,20.988631127705226,19.031432247334784,249.37518738402275
1113.HK,48.13018798828125,11400,45.71685028076172,-27512.049865722656,-5.01,2022-02-16 13:12:12.305237,2022-02-24 13:12:12.305237,6,60.856235375425,56.776844517753624,542.5229256396685
0467.HK,0.8045212626457214,97700,0.9220355749130249,11481.148308515549,14.61,2022-03-01 13:12:12.305237,2022-03-02 13:12:12.305237,1,43.330235317649134,42.468479849422366,602.556615921096
3669.HK,7.734809875488281,30800,7.163106441497803,-17608.46576690674,-7.39,2022-03-03 13:12:12.305237,2022-03-04 13:12:12.305237,1,25.58147666619525,21.96990505253639,352.43623994193956
1310.HK,7.971207141876221,29400,7.980084419250488,260.9919548034668,0.11,2022-03-16 13:12:12.305237,2022-03-31 13:12:12.305237,11,9.485748197220289,6.576494413926741,572.6598618784373
1099.HK,17.18231964111328,13700,16.481752395629883,-9597.771263122559,-4.08,2022-03-17 13:12:12.305237,2022-03-31 13:12:12.305237,10,26.673627700685095,20.25312809832775,622.9505294260566
0011.HK,130.72679138183594,1800,143.1144256591797,22297.74169921875,9.48,2022-03-10 13:12:12.305237,2022-04-01 13:12:12.305237,16,9.521422147938,6.76210295998541,640.1897699329936
9923.HK,25.100000381469727,9600,23.649999618530273,-13920.00732421875,-5.78,2022-04-04 13:12:12.305237,2022-04-06 13:12:12.305237,1,84.51542407142335,78.8988900495362,150.21219806084957
3311.HK,9.01206111907959,25800,8.750589370727539,-6745.97110748291,-2.9,2022-03-22 13:12:12.305237,2022-04-11 13:12:12.305237,13,47.48148415790543,30.812413312954313,517.9863450180912
0586.HK,20.952966690063477,11500,21.137983322143555,2127.6912689208984,0.88,2022-04-01 13:12:12.305237,2022-04-12 13:12:12.305237,6,9.79591459674781,7.055173289572447,93.08611220050595
1171.HK,15.312543869018555,15300,14.193550109863281,-17120.604515075684,-7.31,2022-04-14 13:12:12.305237,2022-04-19 13:12:12.305237,1,84.61660816316973,80.9654800156909,122.20445755618228
0288.HK,4.321444988250732,54000,4.897637367248535,31114.388465881348,13.33,2022-03-18 13:12:12.305237,2022-04-20 13:12:12.305237,20,17.0196050148662,13.240015845018974,626.9714670187475
6110.HK,5.6697797775268555,41300,5.297245979309082,-15385.645866394043,-6.57,2022-04-13 13:12:12.305237,2022-04-25 13:12:12.305237,6,50.48931679006729,49.95070596452536,2.610284020018952
0083.HK,9.594703674316406,24200,9.48750114440918,-2594.301223754883,-1.12,2022-04-08 13:12:12.305237,2022-04-26 13:12:12.305237,10,86.19718905734113,77.4084582032517,187.57561293168692
0066.HK,39.371517181396484,6100,39.464698791503906,568.4078216552734,0.24,2022-04-22 13:12:12.305237,2022-05-03 13:12:12.305237,6,65.90031890464597,63.283452874953845,412.5378800730157
0558.HK,9.50461196899414,18000,8.972747802734375,-9573.554992675781,-5.6,2022-04-28 13:12:12.305237,2022-05-06 13:12:12.305237,5,19.629240984548282,13.636208207876896,467.7962747293668
0027.HK,46.02058410644531,7000,42.932621002197266,-21615.741729736328,-6.71,2022-05-03 13:12:12.305237,2022-05-06 13:12:12.305237,3,46.9026430135427,35.29202766413362,589.7904609423426
0293.HK,7.960000038146973,19400,7.75,-4074.0007400512695,-2.64,2022-04-27 13:12:12.305237,2022-05-13 13:12:12.305237,10,56.21695116326623,36.795852934011386,372.85589499555186
0019.HK,31.91132354736328,6300,31.946863174438477,223.89965057373047,0.11,2022-04-29 13:12:12.305237,2022-05-17 13:12:12.305237,10,22.90364491411953,13.010965437554622,614.0788059194686
3759.HK,37.45852279663086,2300,34.53073501586914,-6733.911895751953,-7.82,2022-05-13 13:12:12.305237,2022-05-26 13:12:12.305237,9,31.124882186789694,22.88035289102143,153.1590234847422
0823.HK,63.48294448852539,1800,64.92151641845703,2589.429473876953,2.27,2022-05-16 13:12:12.305237,2022-05-26 13:12:12.305237,8,53.18182739145679,34.95636546292855,630.2586767510101
0288.HK,5.131715774536133,72700,5.4288153648376465,21599.140214920044,5.79,2022-05-18 13:12:12.305237,2022-06-01 13:12:12.305237,10,70.73443092759467,55.40537743762697,523.2337712207892
0012.HK,27.47222137451172,6300,28.300748825073242,5219.722938537598,3.02,2022-05-11 13:12:12.305237,2022-06-02 13:12:12.305237,16,25.441571822107043,21.4121548421744,359.5236263585225
9633.HK,40.505489349365234,9400,41.377620697021484,8198.03466796875,2.15,2022-05-17 13:12:12.305237,2022-06-07 13:12:12.305237,14,45.36583785282558,39.2677789055434,495.74206295978047
1308.HK,23.199419021606445,16700,21.486713409423828,-28602.183723449707,-7.38,2022-06-08 13:12:12.305237,2022-06-09 13:12:12.305237,1,87.90144404466491,84.68141958282747,107.3143762610797
3331.HK,18.53021240234375,5300,17.45741081237793,-5685.848426818848,-5.79,2022-05-27 13:12:12.305237,2022-06-10 13:12:12.305237,9,57.81810173811938,44.689264070924686,451.94985022298454
0293.HK,8.289999961853027,11800,7.78000020980835,-6017.997074127197,-6.15,2022-05-30 13:12:12.305237,2022-06-13 13:12:12.305237,9,53.55967015678296,46.49870089040509,66.53264268005208
1585.HK,13.82063102722168,41500,14.64603042602539,34254.075050354004,5.97,2022-06-06 13:12:12.305237,2022-06-14 13:12:12.305237,6,74.50903319999343,64.0478704904092,320.3924018368466
2096.HK,9.103856086730957,25400,9.19576358795166,2334.4505310058594,1.01,2022-06-20 13:12:12.305237,2022-06-28 13:12:12.305237,6,49.946596766818494,43.70538336691341,378.8404824924893
2380.HK,4.527239799499512,51000,4.4028120040893555,-6345.817565917969,-2.75,2022-06-15 13:12:12.305237,2022-06-29 13:12:12.305237,10,88.51514365051025,83.94158071179139,36.03300351034477
0151.HK,6.723475933074951,34100,6.311273574829102,-14056.100416183472,-6.13,2022-06-23 13:12:12.305237,2022-06-29 13:12:12.305237,4,29.47371222885689,21.179356735154066,607.0836013820376
1099.HK,17.569475173950195,13200,18.707040786743164,15015.866088867188,6.47,2022-06-21 13:12:12.305237,2022-07-07 13:12:12.305237,11,41.12363518319371,30.238614729930468,526.3921482094554
2588.HK,60.91018295288086,3700,61.100074768066406,702.5997161865234,0.31,2022-06-24 13:12:12.305237,2022-07-07 13:12:12.305237,8,53.588436325363375,44.68378853114326,565.8174221514234
9901.HK,17.81999969482422,25700,16.799999237060547,-26214.011764526367,-5.72,2022-07-07 13:12:12.305237,2022-07-12 13:12:12.305237,3,58.36816952862824,52.88966491171821,495.6141189204273
0288.HK,5.5822834968566895,42400,5.416473865509033,-7030.328369140625,-2.97,2022-06-28 13:12:12.305237,2022-07-13 13:12:12.305237,10,31.417309710864224,17.992968704073558,673.8467346958315
3868.HK,3.84403395652771,79000,3.6119062900543213,-18338.085651397705,-6.04,2022-07-08 13:12:12.305237,2022-07-15 13:12:12.305237,5,26.503528201514115,17.634498437393322,549.0689521881848
9869.HK,15.70565414428711,6700,14.644195556640625,-7111.772537231445,-6.76,2022-07-26 13:12:12.305237,2022-07-29 13:12:12.305237,3,47.855714678831006,45.355003118091176,559.1929879811252
0558.HK,14.084555625915527,5300,11.91770076751709,-11484.330749511719,-15.38,2022-07-18 13:12:12.305237,2022-08-01 13:12:12.305237,10,13.35388755619627,8.573117772813255,340.41950911193396
0998.HK,3.0135326385498047,28400,2.9498023986816406,-1809.9388122558594,-2.11,2022-07-20 13:12:12.305237,2022-08-03 13:12:12.305237,10,18.392853966393933,12.352760824697796,542.270374176194
2628.HK,11.291349411010742,12400,11.252943992614746,-476.22718811035156,-0.34,2022-07-28 13:12:12.305237,2022-08-11 13:12:12.305237,10,14.224692661985788,12.802216055110947,627.271009975499
0853.HK,19.65999984741211,4000,18.600000381469727,-4239.997863769531,-5.39,2022-08-04 13:12:12.305237,2022-08-16 13:12:12.305237,8,15.2344810286931,8.44509769774174,617.2989798617916
6969.HK,17.568593978881836,5500,16.573040008544922,-5475.546836853027,-5.67,2022-08-05 13:12:12.305237,2022-08-16 13:12:12.305237,7,11.43873405502385,7.451864622373894,603.2407926254726
0836.HK,12.436295509338379,8100,13.608104705810547,9491.65449142456,9.42,2022-08-11 13:12:12.305237,2022-08-16 13:12:12.305237,3,8.116492929472637,7.00710192402498,572.9060561682655
2005.HK,3.7202305793762207,36000,3.4918787479400635,-8220.66593170166,-6.14,2022-08-12 13:12:12.305237,2022-08-17 13:12:12.305237,3,12.82143811785664,11.699812740755538,663.6165938589153
0371.HK,2.0505123138427734,104400,1.8216997385025024,-23888.032865524292,-11.16,2022-08-17 13:12:12.305237,2022-08-23 13:12:12.305237,4,33.47571077134036,23.6506490537319,301.1784756141353
2588.HK,64.32836151123047,3400,60.86270523071289,-11783.231353759766,-5.39,2022-08-19 13:12:12.305237,2022-08-24 13:12:12.305237,3,47.083575479669925,40.60821427642664,228.1052633165192
9901.HK,21.950000762939453,3700,22.0,184.99717712402344,0.23,2022-08-26 13:12:12.305237,2022-09-02 13:12:12.305237,5,49.014675776538695,38.12738626899334,555.8666004274256
0696.HK,13.945516586303711,5000,13.148629188537598,-3984.4369888305664,-5.71,2022-08-25 13:12:12.305237,2022-09-08 13:12:12.305237,10,48.41656995917151,38.22696106662577,105.39372255666021
1910.HK,19.18000030517578,12600,19.68000030517578,6300.0,2.61,2022-09-06 13:12:12.305237,2022-09-13 13:12:12.305237,4,67.14565910957369,66.42023168833484,321.5320423669774
2314.HK,2.76257061958313,71400,2.6156253814697266,-10491.890001296997,-5.32,2022-09-09 13:12:12.305237,2022-09-15 13:12:12.305237,3,23.928404790169505,17.189185106689372,506.2483889111065
0005.HK,47.23307800292969,4500,44.18734359741211,-13705.804824829102,-6.45,2022-09-13 13:12:12.305237,2022-09-22 13:12:12.305237,7,21.870761506625115,15.929478592438652,585.1502292320216
0006.HK,40.85703659057617,5000,38.70173263549805,-10776.519775390625,-5.28,2022-09-20 13:12:12.305237,2022-09-26 13:12:12.305237,4,7.436562409647183,4.967690946958252,0.0
0700.HK,278.81671142578125,300,264.5184326171875,-4289.483642578125,-5.13,2022-09-27 13:12:12.305237,2022-09-30 13:12:12.305237,3,7.104733105506403,5.007868273863702,420.91444784898977
0884.HK,0.800000011920929,83200,0.7200000286102295,-6655.998611450195,-10.0,2022-09-30 13:12:12.305237,2022-10-06 13:12:12.305237,3,5.380406763137003,3.1895563686922115,465.320563663745
0998.HK,2.8860721588134766,26900,2.8496549129486084,-979.6239137649536,-1.26,2022-10-05 13:12:12.305237,2022-10-19 13:12:12.305237,10,16.0540597670123,9.967298838103446,573.7640007367111
6078.HK,44.82698059082031,2100,41.93812942504883,-6066.587448120117,-6.44,2022-10-17 13:12:12.305237,2022-10-19 13:12:12.305237,2,31.297087152686505,23.82969584617425,241.88129252675535
9923.HK,20.299999237060547,6100,18.639999389648438,-10125.999069213867,-8.18,2022-10-18 13:12:12.305237,2022-10-24 13:12:12.305237,4,62.76786649455782,44.25563313617836,616.2041610642735
1910.HK,18.219999313354492,4800,17.18000030517578,-4991.9952392578125,-5.71,2022-10-21 13:12:12.305237,2022-10-24 13:12:12.305237,1,16.17227412095199,9.701079956488638,459.92988533829754
6185.HK,47.70000076293945,1600,53.150001525878906,8720.001220703125,11.43,2022-10-14 13:12:12.305237,2022-10-25 13:12:12.305237,7,21.638304880595946,13.395204291884273,10.814148930020066
0200.HK,4.179999828338623,46400,3.9600000381469727,-10207.990264892578,-5.26,2022-10-27 13:12:12.305237,2022-10-28 13:12:12.305237,1,6.387391557163563,5.439601280338447,343.5939532348418
0669.HK,74.75312042236328,2700,76.70744323730469,5276.671600341797,2.61,2022-10-25 13:12:12.305237,2022-11-04 13:12:12.305237,8,19.965534652421475,16.285181446680962,19.525344558919606
0291.HK,40.2779655456543,4800,44.52294921875,20375.921630859375,10.54,2022-11-01 13:12:12.305237,2022-11-04 13:12:12.305237,3,7.498600663778677,6.0662178678004155,396.52049235738747
3900.HK,7.620201587677002,24800,8.658045768737793,25738.535690307617,13.62,2022-11-02 13:12:12.305237,2022-11-04 13:12:12.305237,2,6.553692520184661,4.8563515931301025,562.8082071685315
0656.HK,4.927168846130371,39400,5.036883354187012,4322.751617431641,2.23,2022-10-26 13:12:12.305237,2022-11-10 13:12:12.305237,11,39.717119663174515,35.17220016267795,234.71500277347198
0728.HK,2.621497631072998,78100,2.6308937072753906,733.8335514068604,0.36,2022-11-07 13:12:12.305237,2022-11-11 13:12:12.305237,4,34.81476787110112,31.851798715784174,405.65282668550054
9666.HK,11.720000267028809,52800,12.359999656677246,33791.9677734375,5.46,2022-11-04 13:12:12.305237,2022-11-14 13:12:12.305237,6,43.136563186770374,28.169376992279517,375.2171636262156
6185.HK,117.69999694824219,1500,109.80000305175781,-11849.990844726562,-6.71,2022-11-15 13:12:12.305237,2022-11-16 13:12:12.305237,1,67.81838894626114,66.61595600793058,366.64881770763327
0656.HK,5.764987468719482,98100,5.515636444091797,-24461.335515975952,-4.33,2022-11-14 13:12:12.305237,2022-11-28 13:12:12.305237,10,73.93257928430896,72.67281306690495,7.14578049026683
0322.HK,11.121467590332031,27300,12.492072105407715,37417.50326156616,12.32,2022-11-11 13:12:12.305237,2022-11-30 13:12:12.305237,13,15.889314758952377,13.217504942209573,28.391418229260903
1530.HK,7.914474010467529,7400,8.161184310913086,1825.6562232971191,3.12,2022-11-24 13:12:12.305237,2022-12-01 13:12:12.305237,5,92.09008637863363,84.8432581544274,95.84397283360137
0873.HK,2.619999885559082,137900,2.930000066757202,42749.024987220764,11.83,2022-11-29 13:12:12.305237,2022-12-01 13:12:12.305237,2,66.72095935140166,58.529444125355624,261.11983180598133
1919.HK,6.5004353523254395,8900,6.681689262390137,1613.1597995758057,2.79,2022-11-25 13:12:12.305237,2022-12-02 13:12:12.305237,5,83.64167434872202,77.94083384531706,221.3911082061687
1585.HK,14.353777885437012,36300,13.39555549621582,-34783.47272872925,-6.68,2022-11-30 13:12:12.305237,2022-12-02 13:12:12.305237,2,48.843662865108,29.461040640095963,475.60360313498984
2328.HK,7.227822303771973,8100,7.039106845855713,-1528.595209121704,-2.61,2022-11-23 13:12:12.305237,2022-12-07 13:12:12.305237,10,45.883386722702326,29.491270323583517,27.421029942645603
9969.HK,11.720000267028809,21600,13.100000381469727,29808.002471923828,11.77,2022-12-05 13:12:12.305237,2022-12-09 13:12:12.305237,4,41.60462888270994,33.86303721555903,518.0561366991309
0486.HK,4.070000171661377,62100,4.019999980926514,-3105.0118446350098,-1.23,2022-12-06 13:12:12.305237,2022-12-20 13:12:12.305237,10,63.202544559006434,56.19536807607358,557.3370963670393
3320.HK,6.4605021476745605,32800,6.235363483428955,-7384.548187255859,-3.48,2022-12-09 13:12:12.305237,2022-12-23 13:12:12.305237,10,57.9073926979846,53.7135779748678,348.00118150352233
1209.HK,36.51100540161133,6300,36.998470306396484,3071.0289001464844,1.34,2022-12-21 13:12:12.305237,2022-12-23 13:12:12.305237,2,68.77493509430272,68.73233683985796,344.01314794879056
0002.HK,54.808387756347656,3900,54.56884002685547,-934.2361450195312,-0.44,2022-12-14 13:12:12.305237,2022-12-30 13:12:12.305237,10,54.85230624136007,46.786446484997214,516.5664488961927
0489.HK,4.15333366394043,52900,4.235668182373047,4355.496025085449,1.98,2022-12-28 13:12:12.305237,2023-01-05 13:12:12.305237,5,66.83984521571048,65.64382722289874,336.7553236217683
0968.HK,8.259693145751953,25400,9.541707992553711,32563.17710876465,15.52,2022-12-16 13:12:12.305237,2023-01-06 13:12:12.305237,12,16.990120945339953,13.523848125134526,605.4692276301415
1038.HK,38.621150970458984,5900,39.18702697753906,3338.668441772461,1.47,2022-12-22 13:12:12.305237,2023-01-09 13:12:12.305237,9,68.86699720976847,60.9249729127773,250.65110682534862
2285.HK,39.84260940551758,5400,43.13822937011719,17796.34780883789,8.27,2023-01-03 13:12:12.305237,2023-01-09 13:12:12.305237,4,39.24071493540599,38.24472414098971,583.2705446616188
1776.HK,10.819701194763184,20000,12.439763069152832,32401.23748779297,14.97,2022-12-30 13:12:12.305237,2023-01-16 13:12:12.305237,10,46.77382723439783,44.91945981743902,607.592338178533
1691.HK,9.91176986694336,71300,10.373676300048828,32933.92868041992,4.66,2023-01-09 13:12:12.305237,2023-01-18 13:12:12.305237,7,60.62132466386737,41.45548480894332,572.9607498161573
1833.HK,23.0,10800,21.649999618530273,-14580.004119873047,-5.87,2023-01-16 13:12:12.305237,2023-01-30 13:12:12.305237,7,22.670652455550794,17.678619438495552,500.33498996009035
0293.HK,8.5,87100,8.0,-43550.0,-5.88,2023-01-18 13:12:12.305237,2023-01-30 13:12:12.305237,5,28.277747165476296,17.65628796029051,379.7488433769876
3323.HK,6.286486625671387,35600,6.647565841674805,12854.42008972168,5.74,2023-01-05 13:12:12.305237,2023-01-31 13:12:12.305237,15,39.580208131822495,30.515630349408404,654.3311999152417
2400.HK,27.600000381469727,8500,28.0,3399.996757507324,1.45,2023-02-01 13:12:12.305237,2023-02-09 13:12:12.305237,6,74.93474389670652,65.76530038682867,277.90836313823
1816.HK,1.7509992122650146,133300,1.760515570640564,1268.5305714607239,0.54,2023-02-07 13:12:12.305237,2023-02-10 13:12:12.305237,3,43.21427032450362,35.70028258461556,236.92987277337028
1888.HK,9.984933853149414,23400,10.315817832946777,7742.685127258301,3.31,2023-02-08 13:12:12.305237,2023-02-16 13:12:12.305237,6,89.43193233938445,89.30873825019574,116.19283026655326
0880.HK,4.260000228881836,109600,4.03000020980835,-25208.0020904541,-5.4,2023-02-13 13:12:12.305237,2023-02-17 13:12:12.305237,4,10.118259334302852,6.885962906735022,503.7769337575406
3331.HK,21.12251091003418,22300,21.22052764892578,2185.773277282715,0.46,2023-02-09 13:12:12.305237,2023-02-22 13:12:12.305237,9,15.93719346200885,13.147511001516605,594.9518283978706
1359.HK,1.0243089199066162,144400,0.9498136639595032,-10757.114958763123,-7.27,2023-02-20 13:12:12.305237,2023-02-28 13:12:12.305237,6,16.96429615672102,11.48351456345165,539.7367244067111
1972.HK,19.98919105529785,12000,19.894454956054688,-1136.8331909179688,-0.47,2023-02-16 13:12:12.305237,2023-03-02 13:12:12.305237,10,23.39619792168326,21.86014169451934,542.1152523159035
2018.HK,18.247291564941406,12500,16.93682289123535,-16380.858421325684,-7.18,2023-03-01 13:12:12.305237,2023-03-10 13:12:12.305237,7,9.04805718436249,5.9806762953223105,633.5474598718102
0683.HK,18.374488830566406,9300,17.3638916015625,-9398.554229736328,-5.5,2023-03-06 13:12:12.305237,2023-03-10 13:12:12.305237,4,25.84287980274823,16.338537787078465,652.3989852395644
2252.HK,28.549999237060547,2900,26.049999237060547,-7250.0,-8.76,2023-03-13 13:12:12.305237,2023-03-16 13:12:12.305237,3,18.17339413007881,12.871765589738027,0.0
1988.HK,2.5309274196624756,60400,2.4385578632354736,-5579.121208190918,-3.65,2023-03-03 13:12:12.305237,2023-03-17 13:12:12.305237,10,13.886473192204928,8.474944803290134,731.4670580943953
2137.HK,5.559999942779541,17700,5.110000133514404,-7964.99662399292,-8.09,2023-03-15 13:12:12.305237,2023-03-20 13:12:12.305237,3,8.335094639471032,3.0319958106209843,479.36514621011105
0570.HK,4.389339447021484,19200,4.142747402191162,-4734.5672607421875,-5.62,2023-03-17 13:12:12.305237,2023-03-22 13:12:12.305237,3,40.58917165403527,21.636263259550155,454.6828683119384
9869.HK,15.233895301818848,6800,13.66136360168457,-10693.215560913086,-10.32,2023-03-23 13:12:12.305237,2023-03-27 13:12:12.305237,2,53.77777677168626,46.511113152299586,335.5005611823103
1882.HK,20.450000762939453,11100,20.549999237060547,1109.9830627441406,0.49,2023-03-30 13:12:12.305237,2023-04-06 13:12:12.305237,4,49.74360867572597,42.44840009621468,196.8152615008497
0123.HK,10.603009223937988,8000,12.106983184814453,12031.791687011719,14.18,2023-03-21 13:12:12.305237,2023-04-11 13:12:12.305237,12,37.88459342737459,30.285996157693887,442.5927989788531
0293.HK,7.25,11600,7.78000020980835,6148.0024337768555,7.31,2023-03-22 13:12:12.305237,2023-04-17 13:12:12.305237,15,9.83824375735451,9.83533852727258,301.1846843441103
0883.HK,10.553936958312988,12900,11.650683403015137,14148.029136657715,10.39,2023-03-29 13:12:12.305237,2023-04-17 13:12:12.305237,10,28.10128482202915,25.248179060643245,370.1122311680549
0390.HK,5.121242523193359,100,5.6285810470581055,50.73385238647461,9.91,2023-04-12 13:12:12.305237,2023-04-24 13:12:12.305237,8,57.22408064345932,41.799478450479704,478.5478071352375
0023.HK,9.543418884277344,10700,9.785147666931152,2586.497974395752,2.53,2023-03-28 13:12:12.305237,2023-04-26 13:12:12.305237,18,12.923046413891706,9.845107164317572,559.1054396315155
0763.HK,24.057010650634766,32100,24.700000762939453,20639.98260498047,2.67,2023-04-11 13:12:12.305237,2023-04-27 13:12:12.305237,12,39.41747378725148,31.409181645708752,393.0592456145339
6158.HK,0.17000000178813934,621800,0.19300000369548798,14301.40118598938,13.53,2023-04-26 13:12:12.305237,2023-04-27 13:12:12.305237,1,6.747310988226417,4.336902228462732,0.0
0322.HK,13.079472541809082,18400,13.177372932434082,1801.3671875,0.75,2023-04-17 13:12:12.305237,2023-05-09 13:12:12.305237,15,39.137908111194676,34.551698824330245,550.822127572085
1060.HK,0.48500001430511475,500,0.46000000834465027,-12.500002980232239,-5.15,2023-05-05 13:12:12.305237,2023-05-09 13:12:12.305237,2,19.607159327103325,13.785735724375419,306.18128927849125
0220.HK,7.404334545135498,92600,6.949848651885986,-42085.393714904785,-6.14,2023-04-27 13:12:12.305237,2023-05-12 13:12:12.305237,10,24.330192428490385,22.077341156630844,663.3740465156415
1833.HK,19.520000457763672,11600,18.440000534057617,-12527.999114990234,-5.53,2023-04-28 13:12:12.305237,2023-05-12 13:12:12.305237,9,18.203654035177973,13.31296463765462,493.4862735066572
2638.HK,4.806318283081055,100,4.932036876678467,12.571859359741211,2.62,2023-05-04 13:12:12.305237,2023-05-15 13:12:12.305237,7,49.545408400966004,34.83814399120827,362.15025206271633
0293.HK,7.389999866485596,29900,7.400000095367432,299.00684356689453,0.14,2023-05-15 13:12:12.305237,2023-05-19 13:12:12.305237,4,12.834459994301636,10.379630374676799,468.2251921600526
9997.HK,9.280900955200195,23800,8.79243278503418,-11625.542449951172,-5.26,2023-05-18 13:12:12.305237,2023-05-22 13:12:12.305237,2,12.634630162955881,8.658145014976359,690.3434652311387
2005.HK,4.84974479675293,45000,5.036651134490967,8410.78519821167,3.85,2023-05-22 13:12:12.305237,2023-06-06 13:12:12.305237,10,22.4999816446525,22.363600117077052,614.0217897472778
2328.HK,9.086675643920898,24200,9.143289566040039,1370.0569152832031,0.62,2023-06-08 13:12:12.305237,2023-06-16 13:12:12.305237,6,23.24462131900204,16.90991907893217,643.3735922968222
9959.HK,3.1500000953674316,71400,2.9600000381469727,-13566.004085540771,-6.03,2023-06-16 13:12:12.305237,2023-06-20 13:12:12.305237,2,77.71567508360353,68.15716057472314,161.6177539104442
1910.HK,21.0,10400,22.0,10400.0,4.76,2023-06-05 13:12:12.305237,2023-06-21 13:12:12.305237,12,13.75906005732356,9.882059966616835,663.4402275469464
1336.HK,19.477773666381836,11400,19.289127349853516,-2150.5680084228516,-0.97,2023-06-07 13:12:12.305237,2023-06-21 13:12:12.305237,10,11.168452876271482,7.702311766912156,548.4829856673356
2338.HK,10.50489330291748,20800,10.466413497924805,-800.3799438476562,-0.37,2023-06-02 13:12:12.305237,2023-06-23 13:12:12.305237,14,22.706411302601367,15.097515291725509,424.77872790692703
0006.HK,41.371925354003906,5200,39.754302978515625,-8411.636352539062,-3.91,2023-06-09 13:12:12.305237,2023-06-26 13:12:12.305237,10,23.05874121487336,20.423445390177953,517.1701621103634
0659.HK,7.989999771118164,9100,8.899999618530273,8280.998611450195,11.39,2023-06-26 13:12:12.305237,2023-06-27 13:12:12.305237,1,93.27673908014397,91.40554168101626,55.34159366737818
2669.HK,7.972874641418457,27400,8.08222770690918,2996.273994445801,1.37,2023-07-03 13:12:12.305237,2023-07-04 13:12:12.305237,1,46.723728067527844,45.70902033829216,445.9105268211376
0902.HK,4.699999809265137,46600,4.769999980926514,3262.007999420166,1.49,2023-06-27 13:12:12.305237,2023-07-07 13:12:12.305237,8,25.122653838978902,19.421016782678468,259.3169435612674
6606.HK,29.600000381469727,7600,27.799999237060547,-13680.008697509766,-6.08,2023-07-10 13:12:12.305237,2023-07-11 13:12:12.305237,1,32.348468456013485,24.63829209365108,457.6618278472198
2607.HK,14.403643608093262,15200,14.193511009216309,-3194.0155029296875,-1.46,2023-06-28 13:12:12.305237,2023-07-12 13:12:12.305237,10,30.136130479166876,22.448121288520568,210.00425328837522
0656.HK,5.380000114440918,40700,5.460000038146973,3255.996894836426,1.49,2023-06-30 13:12:12.305237,2023-07-12 13:12:12.305237,8,50.7246334746568,44.55443442967501,409.23523883424764
0522.HK,79.22068786621094,5500,77.68290710449219,-8457.794189453125,-1.94,2023-07-04 13:12:12.305237,2023-07-20 13:12:12.305237,12,55.79759088002034,50.58399865927011,465.9944705888944
0780.HK,17.399999618530273,10500,17.5,1050.004005432129,0.57,2023-07-12 13:12:12.305237,2023-07-24 13:12:12.305237,8,38.008992048179344,28.313119056406343,656.6610240369569
9961.HK,294.20001220703125,700,296.6000061035156,1679.9957275390625,0.82,2023-07-13 13:12:12.305237,2023-07-25 13:12:12.305237,8,54.09352509739606,35.704526922781994,627.8077118363407
0558.HK,7.534640789031982,20600,8.329854011535645,16381.39238357544,10.55,2023-07-14 13:12:12.305237,2023-07-27 13:12:12.305237,9,25.669276279738504,22.357259378428644,618.1122243670318
6158.HK,0.11800000071525574,3318700,0.12999999523162842,39824.381801486015,10.17,2023-07-25 13:12:12.305237,2023-07-28 13:12:12.305237,3,9.401913253516195,3.1626499245093105,363.4005536931302
1907.HK,3.5809879302978516,119300,3.5908257961273193,1173.6573934555054,0.27,2023-07-21 13:12:12.305237,2023-08-01 13:12:12.305237,7,64.44440113061187,58.75551753664572,359.3781599542653
2186.HK,3.5,30300,3.450000047683716,-1514.9985551834106,-1.43,2023-07-11 13:12:12.305237,2023-08-02 13:12:12.305237,16,34.856132613434724,28.669465438811052,471.28781933311245
2689.HK,5.059999942779541,85300,4.800000190734863,-22177.97884941101,-5.14,2023-07-28 13:12:12.305237,2023-08-03 13:12:12.305237,4,68.53765647034803,58.729227700601825,387.0062683010378
0763.HK,27.700000762939453,5700,28.600000381469727,5129.997825622559,3.25,2023-08-03 13:12:12.305237,2023-08-04 13:12:12.305237,1,22.814114246037434,21.927243396846144,556.3766843866948
0270.HK,6.393409729003906,26800,6.006516456604004,-10368.739700317383,-6.05,2023-07-27 13:12:12.305237,2023-08-07 13:12:12.305237,7,33.70088536764785,20.47925122185374,531.3858802365328
3868.HK,1.925291657447815,113200,1.7799999713897705,-16447.01886177063,-7.55,2023-08-09 13:12:12.305237,2023-08-14 13:12:12.305237,3,26.133335646799395,22.356499853772384,604.2176184291815
0836.HK,16.286048889160156,14600,15.71838665008545,-8287.868690490723,-3.49,2023-08-04 13:12:12.305237,2023-08-18 13:12:12.305237,10,16.421096709408637,14.705774159834021,461.1224944110373
0285.HK,32.29999923706055,2300,35.400001525878906,7130.005264282227,9.6,2023-08-22 13:12:12.305237,2023-08-30 13:12:12.305237,6,72.4532600340554,62.56348200012477,383.8695598153441
0780.HK,18.959999084472656,4500,17.979999542236328,-4409.997940063477,-5.17,2023-08-24 13:12:12.305237,2023-08-30 13:12:12.305237,4,35.995313538624416,22.318500534102622,615.4632500922436
0023.HK,10.65536880493164,9700,9.949999809265137,-6842.079257965088,-6.62,2023-08-28 13:12:12.305237,2023-09-13 13:12:12.305237,12,22.73687551789495,14.166847404957267,660.2880836421164
3311.HK,8.513426780700684,16100,8.46500015258789,-779.6687126159668,-0.57,2023-08-29 13:12:12.305237,2023-09-13 13:12:12.305237,11,22.505815841991005,12.651851852135882,708.801961945561
0669.HK,79.6500015258789,3600,75.25,-15840.005493164062,-5.52,2023-09-04 13:12:12.305237,2023-09-14 13:12:12.305237,8,16.287507879619127,12.951065063335928,504.1712010391526
2269.HK,43.400001525878906,1900,40.75,-5035.002899169922,-6.11,2023-09-19 13:12:12.305237,2023-09-21 13:12:12.305237,2,49.01735577463732,44.624287500358314,355.6341037855688
1179.HK,30.850000381469727,9100,31.450000762939453,5460.003471374512,1.94,2023-09-11 13:12:12.305237,2023-09-22 13:12:12.305237,9,11.70700703861923,10.105127563962478,350.03367963343965
0973.HK,24.430622100830078,2700,22.897525787353516,-4139.360046386719,-6.28,2023-09-15 13:12:12.305237,2023-09-25 13:12:12.305237,6,53.882988442826374,49.06198863055105,257.2080527572508
1910.HK,26.0,9600,26.0,0.0,0.0,2023-09-22 13:12:12.305237,2023-10-09 13:12:12.305237,10,38.46289074152586,35.35363882129578,461.8846468427177
3331.HK,18.81999969482422,10800,19.15999984741211,3672.0016479492188,1.81,2023-09-29 13:12:12.305237,2023-10-10 13:12:12.305237,6,56.74123763813948,33.77553242031483,597.7095149641412
0631.HK,12.34000015258789,16500,12.140000343322754,-3299.996852874756,-1.62,2023-09-27 13:12:12.305237,2023-10-12 13:12:12.305237,10,45.35685698392382,41.596423341696195,446.07191444432596
0992.HK,7.980000019073486,25300,8.770000457763672,19987.011098861694,9.9,2023-10-05 13:12:12.305237,2023-10-12 13:12:12.305237,5,17.900064020604585,13.646223052890582,521.1483751648004
9992.HK,22.850000381469727,8700,24.799999237060547,16964.990043640137,8.53,2023-10-06 13:12:12.305237,2023-10-12 13:12:12.305237,4,14.689782861069014,11.082718595210153,560.5094824118244
0285.HK,38.45000076293945,6000,39.29999923706055,5099.9908447265625,2.21,2023-10-10 13:12:12.305237,2023-10-18 13:12:12.305237,6,59.70870715577663,49.89301158843009,503.49077805426464
3993.HK,5.03000020980835,84700,4.760000228881836,-22868.998384475708,-5.37,2023-10-12 13:12:12.305237,2023-10-18 13:12:12.305237,4,28.450687955556056,22.770158854662917,549.4348900870292
3331.HK,19.440000534057617,10900,19.5,653.9941787719727,0.31,2023-10-17 13:12:12.305237,2023-10-19 13:12:12.305237,2,96.57465783389691,94.8654294536156,14.785491564286517
0354.HK,6.150000095367432,37000,5.710000038146973,-16280.002117156982,-7.15,2023-10-11 13:12:12.305237,2023-10-24 13:12:12.305237,8,55.9431550961569,45.95094264828346,639.1764546541077
