STOCK,BUY PRICE,SHARES,SELL PRICE,NET GAIN,GAIN%,BUY DATE,SELL DATE,TOTAL DAYS ON MARKET,K,D,POTENTIAL,2270000,
3880.T,1350.202393,3400,1362.494141,41791.94336,0.91,2017-11-07,2017-11-13,4,77.56627363,60.4303067,468.1235092,2311791.943,1.841054774
8593.T,472.7111816,9600,448.6880798,-230621.7773,-5.08,2017-11-08,2017-11-15,5,53.52931627,44.73437014,613.7755593,2081170.166,-8.318494889
2768.T,1207.700562,3700,1211.498291,14051.59912,0.31,2017-11-21,2017-11-24,3,28.20514415,26.04994096,684.2803535,2095221.765,-7.699481712
5857.T,788.2324829,5700,794.7593384,37203.07617,0.83,2017-11-22,2017-11-24,2,10.170648,8.576085144,566.9743352,2132424.841,-6.060579678
1951.T,2101.152832,2200,2195.397461,207338.1836,4.49,2017-11-16,2017-11-28,8,68.98640994,58.75544376,394.9553865,2339763.025,3.073261009
9519.T,298.75,15000,297,-26250,-0.59,2017-11-17,2017-12-05,12,23.89771837,16.81253411,587.6998677,2313513.025,1.916873344
6098.T,2548.222412,200,2600.688477,10493.21289,2.06,2017-11-30,2017-12-08,6,31.13634102,22.20105146,655.5014563,2324006.238,2.379129418
6976.T,1698.842896,2600,1586.882202,-291097.8027,-6.59,2017-12-05,2017-12-13,6,12.8865969,11.1728429,683.7323619,2032908.435,-10.44456233
1719.T,708.5715942,12700,708.5715942,0,0,2017-11-24,2017-12-15,15,43.45045948,40.87479016,616.387534,2032908.435,-10.44456233
6367.T,12385.5459,700,12493.73633,75733.30078,0.87,2017-11-29,2017-12-19,14,51.35099231,43.21451258,639.6160629,2108641.736,-7.108293575
5713.T,3526.64209,100,4034.808594,50816.65039,14.41,2017-12-08,2017-12-22,10,9.476509439,6.772846188,684.5846062,2159458.386,-4.869674615
4849.T,4278.006836,1000,4713.281738,435274.9023,10.17,2017-12-14,2017-12-26,6,59.98079543,57.1647288,326.4448561,2594733.289,14.30543121
2181.T,104.0851135,800,114.9190979,8667.1875,10.41,2017-12-01,2017-12-27,16,19.72815812,16.95370043,645.8522036,2603400.476,14.68724564
6753.T,3587.407959,1700,3555.254395,-54661.05957,-0.9,2017-12-18,2018-01-02,8,71.87253446,66.78781603,226.6479985,2548739.417,12.27926945
6758.T,4937.546387,2300,5085.913086,341243.4082,3,2017-12-20,2018-01-04,8,22.57620395,14.50095927,467.4245961,2889982.825,27.31201871
2782.T,6421.414063,1000,6091.881836,-329532.2266,-5.13,2018-01-05,2018-01-10,3,42.73384303,29.03576622,667.1388964,2560450.598,12.79518054
6506.T,4611.450684,100,5171.546387,56009.57031,12.15,2017-12-22,2018-01-12,12,40.56728722,35.33051575,665.5156381,2616460.168,15.26256249
4922.T,17119.99219,200,16714.16992,-81164.45313,-2.37,2017-12-27,2018-01-12,11,71.39609239,60.74711039,556.5878865,2535295.715,11.68703592
8194.T,2795.61792,2400,2650.154785,-349111.5234,-5.2,2018-01-04,2018-01-12,6,39.41178494,32.93467677,521.2389788,2186184.192,-3.692326348
8282.T,1241.244263,5000,1335.034668,468952.0264,7.56,2018-01-09,2018-01-19,8,28.20353057,22.54173199,648.76156,2655136.218,16.96635323
6098.T,2693.105957,2200,2702.251709,20120.6543,0.34,2018-01-22,2018-01-26,4,43.59207882,43.18879699,524.5227598,2675256.873,17.85272566
4849.T,4827.59668,600,5082.606445,153005.8594,5.28,2018-01-15,2018-01-29,10,77.60821149,73.01985994,301.6113194,2828262.732,24.59307189
9090.T,871.7071533,6500,1009.961975,898656.3416,15.86,2018-01-19,2018-02-01,9,57.29954698,49.24152244,584.1419226,3726919.073,64.18145698
2809.T,2659.918457,1200,2750.224609,108367.3828,3.4,2018-01-16,2018-02-05,14,32.95018102,28.56948095,635.380781,3835286.456,68.9553505
4061.T,3575.23877,2500,3379.060547,-490445.5566,-5.49,2018-01-29,2018-02-05,5,26.36364679,21.75397861,576.1916028,3344840.9,47.34981937
9143.T,1172.04187,5700,1087.812378,-480108.1055,-7.19,2018-02-01,2018-02-05,2,75.67657305,66.75565898,419.9250158,2864732.794,26.19968256
1417.T,1421.406982,3700,1347.534546,-273328.0151,-5.2,2018-01-23,2018-02-06,10,47.27263472,46.59099373,542.0873493,2591404.779,14.15880084
7272.T,2710.029541,600,2772.780029,37650.29297,2.32,2018-02-07,2018-02-08,1,20.48977093,18.55013436,662.901643,2629055.072,15.81740405
8804.T,1397.912598,3300,1418.506104,67958.56934,1.47,2018-02-16,2018-02-26,5,22.95355579,18.16171876,631.679367,2697013.641,18.81117363
9715.T,2499.934082,1900,2519.077881,36373.21777,0.77,2018-02-15,2018-02-27,6,22.52101629,17.4717851,537.5974634,2733386.859,20.41351802
8002.T,614.7731934,7600,614.2362671,-4080.639648,-0.09,2018-02-08,2018-03-01,13,31.88663271,30.31166227,668.017523,2729306.219,20.23375416
5110.T,1676.598267,2700,1576.562622,-270096.2402,-5.97,2018-02-19,2018-03-02,9,30.06733732,23.8921037,642.2580255,2459209.979,8.335241377
6134.T,1919.341553,2500,1795.652466,-309222.7173,-6.44,2018-02-27,2018-03-02,3,37.54087992,33.41449066,11.2199283,2149987.262,-5.286904759
6268.T,3929.230957,1100,3666.991455,-288463.4521,-6.67,2018-02-21,2018-03-05,8,19.82093935,14.86792909,727.1044201,1861523.81,-17.99454582
6594.T,8014.730469,600,8057.779785,25829.58984,0.54,2018-02-26,2018-03-06,6,30.46243439,24.74800602,24.08110069,1887353.4,-16.85667843
2371.T,1672.950439,2700,1683.772827,29220.44678,0.65,2018-03-06,2018-03-13,5,45.47518037,41.94047395,166.4948904,1916573.846,-15.56943408
9064.T,2473.907715,1800,2478.48584,8240.625,0.19,2018-03-08,2018-03-16,6,29.0800084,20.11410029,688.9407149,1924814.471,-15.20641095
4568.T,1153.724854,3900,1158.067871,16937.76855,0.38,2018-03-09,2018-03-22,9,31.33512575,20.6027721,678.2566874,1941752.24,-14.46025374
4527.T,1407.844971,6300,1408.322632,3009.265137,0.03,2018-03-13,2018-03-22,7,52.5460725,42.96898273,412.0238998,1944761.505,-14.327687
4686.T,2492.307861,5400,2328.443604,-884866.9922,-6.57,2018-03-22,2018-03-23,1,72.67087443,65.93446245,118.1429379,1059894.513,-53.30861176
4506.T,1550.389038,2900,1577.024902,77244.00635,1.72,2018-03-12,2018-03-27,11,62.77285125,52.94260918,298.408369,1137138.519,-49.9057921
6532.T,293.1607361,14500,316.7266846,341706.2531,8.04,2018-03-26,2018-03-29,3,37.16215857,31.07252064,446.9405348,1478844.772,-34.8526532
3765.T,3254.069092,2700,3515.890869,706918.7988,8.05,2018-03-29,2018-04-09,4,28.07672803,24.59869255,657.657948,2185763.571,-3.710855896
2503.T,2506.309082,1100,2571.352539,71547.80273,2.6,2018-04-04,2018-04-12,5,54.97348222,43.11712192,601.7788121,2257311.374,-0.558970313
3167.T,876.4463501,5000,921.9104004,227320.2515,5.19,2018-03-27,2018-04-17,12,10.20356803,7.432780757,677.0917325,2484631.625,9.455137681
3941.T,820.3209229,100,821.201355,88.04321289,0.11,2018-04-05,2018-04-18,9,40.00761538,31.89023898,564.9286667,2484719.669,9.459016237
4612.T,746.1373901,7800,821.6109619,588693.8599,10.12,2018-03-30,2018-04-20,13,33.06121671,23.75371756,604.7759209,3073413.528,35.39266645
7741.T,5210.963379,1800,5456.736816,442392.1875,4.72,2018-04-09,2018-04-23,10,36.12353866,29.12012632,401.0749591,3515805.716,54.88130907
4183.T,2793.072754,1000,2813.854492,20781.73828,0.74,2018-04-13,2018-04-23,6,65.86549022,58.30452078,264.4856653,3536587.454,55.79680415
9508.T,1138.374878,11300,1163.652832,285640.8813,2.22,2018-04-24,2018-05-02,5,69.15718113,61.45762752,441.2292131,3822228.336,68.38010289
9697.T,1015.606628,4800,1011.382874,-20274.02344,-0.42,2018-04-18,2018-05-07,12,10.06132386,7.938303124,630.9384138,3801954.312,67.4869741
4849.T,4775.949707,1300,5272.152832,645064.0625,10.39,2018-04-20,2018-05-14,15,15.15476509,12.08784025,679.5986637,4447018.375,95.90389316
9519.T,543,13200,631.5,1168200,16.3,2018-05-14,2018-05-17,3,5.194269446,3.036270223,537.9713545,5615218.375,147.3664482
6952.T,1493.463989,3100,1456.192505,-115541.6016,-2.5,2018-05-10,2018-05-24,9,40.99542806,31.56154328,574.6678348,5499676.773,142.2765098
2702.T,5029.184082,800,5048.379395,15356.25,0.38,2018-05-11,2018-05-24,8,56.19063824,45.85493724,607.8748397,5515033.023,142.9529966
3360.T,1739.907471,2600,1852.828491,293594.6533,6.49,2018-05-08,2018-05-25,12,42.43818777,38.15923737,555.3119784,5808627.676,155.8866818
4062.T,1654.74231,5000,1595.375,-296836.5479,-3.59,2018-05-17,2018-05-31,9,30.12664358,22.95919485,649.2648511,5511791.129,142.8101819
2175.T,1882.604492,2400,2015.147705,318103.7109,7.04,2018-05-07,2018-06-05,20,6.504089816,4.388564913,578.5175333,5829894.839,156.8235612
9502.T,1407.538574,3900,1382.903442,-96077.01416,-1.75,2018-05-31,2018-06-18,11,13.63600499,9.020447826,548.9398366,5733817.825,152.5910936
1820.T,2485.218994,2200,2431.443115,-118306.9336,-2.16,2018-06-04,2018-06-18,9,61.15339366,45.31244071,659.1175894,5615510.892,147.3793344
8078.T,3791.781982,1300,3600.739014,-248355.8594,-5.04,2018-06-07,2018-06-19,7,10.56818308,10.20597846,604.6346273,5367155.032,136.4385477
3231.T,2044.283691,2500,2060.717041,41083.37402,0.8,2018-06-05,2018-06-20,10,7.920459962,7.009534639,637.729841,5408238.406,138.2483879
9509.T,648.1607666,7900,657.6925049,75300.73242,1.47,2018-06-06,2018-06-20,9,21.89885293,16.67372843,689.6884051,5483539.139,141.5656008
8698.T,554.3052979,18800,566.7019043,233056.2012,2.24,2018-06-20,2018-06-29,7,23.81208677,16.1353912,0.082535863,5716595.34,151.8323938
7741.T,5993.22998,1300,6023.832031,39782.66602,0.51,2018-06-26,2018-06-29,3,33.91842271,25.24231693,489.6964727,5756378.006,153.5849342
6670.T,719.3056641,21900,678.5421753,-892720.4041,-5.67,2018-06-29,2018-07-05,3,20.30091654,13.51538983,719.1057912,4863657.602,114.2580441
9697.T,1287.342407,4000,1175.175171,-448668.9453,-8.71,2018-07-04,2018-07-10,4,63.47415688,53.59625303,245.1372094,4414988.657,94.49289236
4527.T,1692.795288,3100,1644.84082,-148658.8501,-2.83,2018-06-27,2018-07-11,9,23.85694377,16.33423843,673.5706307,4266329.807,87.94404434
2371.T,2265.9104,900,2307.75415,37659.375,1.85,2018-07-12,2018-07-23,7,60.98358724,43.08454994,615.419674,4303989.182,89.60304764
7309.T,15237.33496,300,15360.44434,36932.8125,0.81,2018-07-13,2018-07-26,9,32.04769244,23.19242864,646.3725593,4340921.994,91.23004379
7177.T,695.0400391,4600,720.4877319,117059.3872,3.66,2018-07-10,2018-07-30,14,24.84579577,10.92294016,640.7376793,4457981.381,96.38684499
2784.T,2291.96875,2200,2387.541992,210261.1328,4.17,2018-07-06,2018-07-31,17,14.19557878,10.66347078,711.8514082,4668242.514,105.64945
4974.T,2207.145264,2300,2351.048096,330976.5137,6.52,2018-07-09,2018-08-01,17,15.90461075,9.815060537,625.6383555,4999219.028,120.2299131
6268.T,2998.750244,1500,2844.175537,-231862.0605,-5.15,2018-07-26,2018-08-02,5,39.22015403,29.07691028,210.3171609,4767356.967,110.0157254
5021.T,3219.302002,2100,3259.745605,84931.56738,1.26,2018-07-24,2018-08-03,8,52.75010672,42.6271356,201.3862072,4852288.535,113.7572042
3038.T,677.3060913,20900,650.2630615,-565199.3225,-3.99,2018-08-01,2018-08-15,10,48.72723076,38.90963333,501.3130769,4287089.212,88.8585556
6849.T,3012.922363,1000,2924.443848,-88478.51563,-2.94,2018-08-07,2018-08-21,10,54.69298933,40.07104186,434.0201905,4198610.696,84.96082363
3064.T,1390.749268,3900,1524.474976,521530.2612,9.62,2018-08-24,2018-08-30,4,44.26188059,31.85493683,654.313238,4720140.958,107.935725
9508.T,1100.893921,5800,1086.075928,-85944.36035,-1.35,2018-08-17,2018-08-31,10,19.8587415,13.39541571,570.672928,4634196.597,104.1496298
9715.T,2288.401611,1200,2322.62207,41064.55078,1.5,2018-08-14,2018-09-06,17,18.60466938,14.55815312,508.0530914,4675261.148,105.9586409
4568.T,1323.616943,2600,1331.762451,21178.32031,0.62,2018-08-22,2018-09-06,11,7.549072398,6.544054858,664.3601269,4696439.468,106.8916065
8572.T,397.881897,10100,409.7182007,119546.6675,2.97,2018-08-23,2018-09-06,10,35.90905093,25.63633904,562.0730879,4815986.136,112.1579796
5101.T,1958.752075,4300,1845.539185,-486815.4297,-5.78,2018-08-30,2018-09-12,9,35.24770752,26.2760454,616.3006404,4329170.706,90.71236591
6005.T,2938.016113,1300,3309.976807,483548.9014,12.66,2018-09-11,2018-09-20,7,67.07316633,63.98154545,166.7944397,4812719.608,112.0140796
2914.T,1987.795898,6400,2046.729492,377175,2.96,2018-09-10,2018-09-25,10,3.67834243,2.752591169,568.2105314,5189894.608,128.6297184
4503.T,1636.577881,1700,1694.965576,99259.08203,3.57,2018-09-13,2018-09-25,7,42.0969172,25.15525396,547.9732919,5289153.69,133.0023652
2651.T,5810.443848,500,5913.894043,51725.09766,1.78,2018-09-14,2018-09-25,6,68.76498096,53.35141449,485.9371742,5340878.787,135.2810038
5411.T,1978.54248,1200,2125.50415,176354.0039,7.43,2018-09-18,2018-09-28,7,32.6945545,20.11596866,629.6201994,5517232.791,143.0499027
6383.T,1796.209961,2400,1860.878906,155205.4688,3.6,2018-09-20,2018-10-04,8,35.66143695,22.46026964,571.2465281,5672438.26,149.887148
9684.T,4334.737793,4400,4031.447021,-1334479.395,-7,2018-09-25,2018-10-04,6,16.83214079,11.72791988,319.7509307,4337958.865,91.09950949
6544.T,825.2764893,3000,893.2404785,203891.9678,8.24,2018-09-28,2018-10-04,3,67.12609466,61.99965393,349.8702704,4541850.833,100.0815345
3962.T,573.5275879,100,580.3775024,684.9914551,1.19,2018-10-02,2018-10-05,3,77.88738336,77.62188978,275.6384666,4542535.825,100.1117103
2702.T,4798.838867,2100,4827.632813,60467.28516,0.6,2018-10-10,2018-10-18,5,61.36774403,56.82781383,279.7542066,4603003.11,102.7754674
2670.T,1480.999634,5100,1483.285156,11656.16455,0.15,2018-10-12,2018-10-18,3,53.78213707,46.72307064,602.241299,4614659.274,103.2889548
6479.T,1760.53125,1300,1661.108643,-129249.3896,-5.65,2018-10-17,2018-10-23,4,20.40538222,15.12936888,594.2020289,4485409.885,97.5951491
7947.T,2807.19873,6300,2657.730469,-941650.0488,-5.32,2018-10-22,2018-10-26,4,14.17606479,9.807461171,650.3796134,3543759.836,56.1127681
8194.T,2560.563965,300,2566.997314,1930.004883,0.25,2018-10-24,2018-10-26,2,30.52917514,25.52280452,639.6234031,3545689.841,56.19779034
8252.T,2229.888672,2200,2158.618408,-156794.5801,-3.2,2018-10-16,2018-10-30,9,27.86877963,22.12650132,480.9444698,3388895.261,49.29054012
8439.T,5260.148438,1000,4790.647461,-469500.9766,-8.93,2018-10-31,2018-11-05,3,12.46376457,7.327582384,745.061606,2919394.284,28.60767771
1721.T,2735.058594,1700,2580.487061,-262771.6064,-5.65,2018-11-01,2018-11-05,2,27.27940806,18.54021306,684.6648675,2656622.678,17.03183602
8088.T,3704.457275,1300,3718.489258,18241.57715,0.38,2018-10-30,2018-11-08,7,29.3203963,16.05795401,612.2135305,2674864.255,17.83542973
4686.T,2297.571533,2000,2192.332031,-210479.0039,-4.58,2018-11-02,2018-11-16,10,28.66689648,16.4048604,731.239581,2464385.251,8.56322691
2801.T,5730.286133,300,5826.756348,28941.06445,1.68,2018-11-06,2018-11-16,8,13.5084533,12.37503605,105.3105932,2493326.315,9.83816367
6724.T,1567.889526,3600,1575.476318,27312.45117,0.48,2018-11-08,2018-11-19,7,37.08340602,31.3836746,220.278225,2520638.766,11.04135535
7532.T,1804.100708,3300,1662.178345,-468343.7988,-7.87,2018-11-22,2018-11-29,5,62.38281234,51.36368187,229.825284,2052294.968,-9.590530059
6976.T,1895.969727,1400,2057.547363,226208.6914,8.52,2018-11-26,2018-11-29,3,11.87877612,9.895295607,410.8481683,2278503.659,0.374610531
5947.T,2651.354329,2100,2625.55013,-54188.81836,-0.97,2018-11-15,2018-11-30,11,55.69661339,42.82920011,76.64214005,2224314.841,-2.012562084
5108.T,3627.59375,2400,3860.92749,560000.9766,6.43,2018-11-19,2018-11-30,9,62.76602555,55.09227242,261.4847651,2784315.817,22.65708446
6857.T,438.3937073,100,407.520874,-3087.283325,-7.04,2018-11-27,2018-12-06,7,61.57934829,57.38740414,433.1215191,2781228.534,22.52108079
5857.T,947.6964111,6600,940.9696655,-44396.521,-0.71,2018-12-03,2018-12-17,10,47.31359831,35.67836689,477.850749,2736832.013,20.56528691
3291.T,1665.10376,2600,1714.620361,128743.1641,2.97,2018-11-29,2018-12-19,14,31.51221866,24.25612004,504.2662282,2865575.177,26.23679194
9503.T,1453.571289,2000,1366.175659,-174791.2598,-6.01,2018-12-12,2018-12-19,5,27.4301713,20.26777695,535.0949653,2690783.917,18.53673644
2768.T,1582.509644,4000,1547.080078,-141718.2617,-2.24,2018-11-30,2018-12-20,14,44.37378628,40.57206545,509.4575023,2549065.656,12.29364121
8088.T,3596.878418,900,3414.461914,-164174.8535,-5.07,2018-12-07,2018-12-20,9,17.13981342,11.9281758,368.8342186,2384890.802,5.061268811
3186.T,1145.584106,4200,1268.639282,516831.7383,10.74,2019-01-11,2019-01-17,4,54.1771819,41.06674126,33.23442545,2901722.54,27.8291868
3405.T,1297.161133,1400,1439.15564,198792.3096,10.95,2018-12-27,2019-01-21,16,13.00591135,6.225270448,665.500889,3100514.85,36.58655726
7564.T,3727.694824,600,3496.190186,-138902.7832,-6.21,2019-01-07,2019-01-21,10,36.18496862,25.21540676,499.647032,2961612.067,30.46749192
7269.T,5166.646484,600,5399.371094,139634.7656,4.5,2019-01-08,2019-01-25,13,50.35347783,44.06034361,184.0690436,3101246.832,36.61880318
3962.T,1078.555542,13500,1015.037903,-857488.1287,-5.89,2019-01-17,2019-01-28,7,57.72696087,50.6168229,158.5429879,2243758.704,-1.156004246
9602.T,3953.944824,600,3680.763184,-163908.9844,-6.91,2019-01-21,2019-01-28,5,72.65627434,68.46875729,257.6504059,2079849.719,-8.376664351
3402.T,670.1853638,2300,719.9910278,114553.0273,7.43,2018-12-26,2019-01-29,23,3.693723305,2.872148033,613.3171277,2194402.747,-3.330275481
6723.T,615,2900,625,29000,1.63,2019-01-24,2019-01-31,5,86.21800403,81.53241447,58.41650531,2223402.747,-2.052742441
3382.T,4289.692871,700,4295.117676,3797.363281,0.13,2019-01-25,2019-02-01,5,36.74947884,34.48079487,314.2457381,2227200.11,-1.885457715
6273.T,33954.10938,200,34973.78125,203934.375,3,2019-01-29,2019-02-04,4,78.85057361,75.94088103,133.0814863,2431134.485,7.098435457
7564.T,3732.419189,2300,3486.741455,-565058.7891,-6.58,2019-01-31,2019-02-07,2,57.40208358,52.5095554,312.7955582,1866075.696,-17.79402221
1973.T,771.1408691,13900,728.711792,-589764.1724,-5.5,2019-02-04,2019-02-13,4,49.36685404,29.85562856,345.231068,1276311.523,-43.77482276
1719.T,595.7280884,500,598.9526367,1612.27417,0.54,2019-02-06,2019-02-14,5,53.8493346,45.0564948,422.7583316,1277923.798,-43.70379746
9508.T,1165.105957,4100,1171.275146,25293.67676,0.53,2019-02-13,2019-02-19,4,35.65225304,34.03423293,525.5921134,1303217.474,-42.58953857
2269.T,3983.612793,800,4072.241455,70902.92969,2.22,2019-02-05,2019-02-26,13,19.09907191,16.14415353,415.3881652,1374120.404,-39.4660615
7735.T,1972.96167,2100,1950.330933,-47524.54834,-1.15,2019-02-12,2019-02-26,10,31.50373101,25.41178471,426.5518146,1326595.856,-41.55965393
9433.T,2244.406738,2200,2266.599854,48824.85352,0.99,2019-02-18,2019-02-27,7,43.18383865,37.21313746,579.5278628,1375420.709,-39.40877933
6301.T,2305.333496,4100,2367.639893,255456.2256,2.7,2019-02-19,2019-03-04,9,44.66262731,37.43023857,591.0648815,1630876.935,-28.15520111
3288.T,1772.28894,1800,1679.010742,-167900.7568,-5.26,2019-02-27,2019-03-08,7,25.72973186,22.11893109,611.0950709,1462976.178,-35.55171022
5105.T,1185.983521,2600,1077.70166,-281532.8369,-9.13,2019-03-01,2019-03-08,5,17.33331503,11.02617798,529.6165551,1181443.341,-47.95403784
9697.T,1095.590942,9700,1157.872803,604134.0454,5.68,2019-03-04,2019-03-25,15,27.90700757,17.01832751,593.9141792,1785577.386,-21.34020324
6201.T,5349.147949,400,4965.791992,-153342.3828,-7.17,2019-03-12,2019-03-25,9,83.45076276,78.38409444,172.4705438,1632235.004,-28.09537429
7956.T,3930.821533,600,4001.887695,42639.69727,1.81,2019-03-15,2019-03-27,8,31.92305762,26.25127182,627.9350198,1674874.701,-26.21697353
2503.T,2211.022461,900,2233.439209,20175.07324,1.01,2019-03-11,2019-03-28,13,20.33793533,11.34316071,665.1787085,1695049.774,-25.32820378
6113.T,911.9534302,8000,999.0881958,697078.125,9.55,2019-03-26,2019-04-02,5,22.73080772,18.38572388,546.9344458,2392127.899,5.380083664
4063.T,1746.636328,1800,1949.389063,364954.9219,11.61,2019-03-18,2019-04-03,12,30.26758381,26.03004591,635.1700118,2757082.821,21.457393
2897.T,7323.29541,700,7170.527344,-106937.6465,-2.09,2019-03-27,2019-04-10,9,39.07347183,25.81611334,607.4374983,2650145.175,16.74648346
7733.T,1165.739014,5600,1204.532227,217241.9922,3.33,2019-03-29,2019-04-15,10,43.16435137,38.2210262,603.7968903,2867387.167,26.31661528
7177.T,537.9519653,21400,539.5846558,34939.5752,0.3,2019-04-03,2019-04-17,9,20.61606152,16.76143551,661.8241065,2902326.742,27.85580361
7564.T,5071.485352,2400,5176.941406,253094.5313,2.08,2019-04-17,2019-04-24,3,51.61678495,51.49074067,522.8380279,3155421.273,39.00534243
9090.T,918.3652344,1900,932.6218872,27087.64038,1.55,2019-04-11,2019-04-25,8,56.2418265,47.67343751,478.4864203,3182508.914,40.19863055
4716.T,6319.306152,600,6277.064453,-25345.01953,-0.67,2019-04-15,2019-05-08,14,17.90849304,12.02719871,581.1097203,3157163.894,39.08210987
2587.T,4453.931152,3200,4220.717285,-746284.375,-5.24,2019-04-25,2019-05-08,8,15.70581618,12.76310663,578.9711189,2410879.519,6.206146213
8830.T,3830.472656,1400,3753.071045,-108362.2559,-2.02,2019-04-19,2019-05-13,13,3.077290172,2.922293051,560.1496828,2302517.263,1.432478554
4151.T,1874.216309,100,1828.144409,-4607.189941,-2.46,2019-04-22,2019-05-14,14,3.25845407,2.847689183,387.8911335,2297910.073,1.229518645
2384.T,1715.118042,900,1629.03479,-77474.92676,-5.02,2019-05-15,2019-05-21,4,33.22015964,23.56267427,611.6187981,2220435.146,-2.183473723
1878.T,11164.58105,200,11584.23926,83931.64063,3.76,2019-05-17,2019-06-13,18,21.13146991,11.99074173,621.6525912,2304366.787,1.513955379
6645.T,5024.007324,600,5062.141113,22880.27344,0.76,2019-05-28,2019-06-17,13,12.51627776,7.326562601,520.0106343,2327247.061,2.52189694
1803.T,849.9625854,5400,840.6325073,-50382.42188,-1.1,2019-06-04,2019-06-18,9,25.75162882,17.6262935,315.9084451,2276864.639,0.30240699
6479.T,1497.31897,1400,1648.658813,211875.7813,10.11,2019-05-27,2019-06-20,17,7.953002009,6.559878724,547.6938887,2488740.42,9.636141847
2491.T,2371.23999,4700,2242.455811,-605285.6445,-5.43,2019-06-14,2019-06-27,9,18.67419309,11.38529408,479.2114079,1883454.775,-17.02842399
2331.T,735.6578979,5300,697.7518311,-200902.1545,-5.15,2019-06-19,2019-06-28,7,43.99998901,38.56667722,533.2326378,1682552.621,-25.87873917
6988.T,4325.807129,400,4727.187988,160552.3438,9.28,2019-05-24,2019-07-01,24,4.808678232,3.608600925,627.6483869,1843104.965,-18.8059487
9433.T,2395.727051,1300,2361.043701,-45088.35449,-1.45,2019-06-20,2019-07-04,9,56.99950866,45.12664096,634.0037209,1798016.61,-20.79221982
6465.T,3709.283691,800,3549.006104,-128222.0703,-4.32,2019-06-24,2019-07-08,9,55.91836718,46.73470169,496.8760477,1669794.54,-26.44076917
2670.T,1648.853027,6400,1527.750977,-775053.125,-7.34,2019-06-27,2019-07-09,7,76.92303728,75.69223753,180.2081024,894741.4148,-60.58407864
8303.T,1633.98584,1600,1680.866577,75009.17969,2.87,2019-06-28,2019-07-09,6,66.21944866,55.57717109,523.6390154,969750.5945,-57.27970949
8309.T,3286.281006,900,3226.994629,-53357.73926,-1.8,2019-07-01,2019-07-16,11,26.89448117,20.07170392,558.0579416,916392.8552,-59.63027069
9449.T,1817.562866,2900,1685.650391,-382546.1792,-7.26,2019-07-11,2019-07-16,3,72.88079974,71.44379385,210.5307582,533846.676,-76.48252529
9602.T,4631.574707,600,4386.543945,-147018.457,-5.29,2019-07-04,2019-07-18,10,53.90257297,43.89526075,526.3340123,386828.219,-82.9591093
4063.T,1937.842773,900,2123.544727,167131.7578,9.58,2019-07-23,2019-07-25,2,44.06052819,39.94423858,615.3123097,553959.9768,-75.59647679
6861.T,32791.97266,100,30454.58984,-233738.2813,-7.13,2019-07-24,2019-07-29,3,46.91082601,40.56988736,623.9308431,320221.6956,-85.89331738
4091.T,2058.232666,700,2023.554199,-24274.92676,-1.68,2019-07-19,2019-08-02,10,23.86610771,17.43957673,591.9366339,295946.7688,-86.96269741
6952.T,1125.58667,4900,1272.634888,720536.2671,13.06,2019-07-25,2019-08-09,11,20.39733512,14.81365814,632.4544512,1016483.036,-55.22101163
2587.T,4117.519043,1200,4191.291992,88527.53906,1.79,2019-07-30,2019-08-19,14,13.08423563,8.710997162,523.2028478,1105010.575,-51.32112005
3148.T,2177.651855,1900,2186.165527,16175.97656,0.39,2019-08-09,2019-08-19,6,19.78144809,15.75204212,713.1846979,1121186.552,-50.60852196
6146.T,6102.78125,700,5994.08138,-76089.90885,-1.78,2019-08-16,2019-08-30,10,32.3789235,25.67084428,635.0337979,1045096.643,-53.96050032
4716.T,7989.370117,1600,7808.771973,-288957.0313,-2.26,2019-08-19,2019-09-02,10,51.64177169,39.8483417,654.1566431,756139.6114,-66.68988496
3289.T,529.4771118,7800,570.746521,321901.3916,7.79,2019-08-14,2019-09-03,14,25.55547657,24.07445975,618.3740504,1078041.003,-52.50920692
8795.T,853.0127563,400,947.697937,37874.07227,11.1,2019-08-20,2019-09-10,15,13.61904637,8.63608952,502.4016637,1115915.075,-50.84074558
9503.T,1081.207031,2000,1107.139282,51864.50195,2.4,2019-08-30,2019-09-11,8,36.79651768,23.66030492,524.3657876,1167779.577,-48.55596576
6728.T,4074.071045,1600,4202.388184,205307.4219,3.15,2019-09-03,2019-09-12,7,54.39817779,40.32891289,676.8629515,1373086.999,-39.51158594
3092.T,2005.414795,1200,2274.840332,323310.6445,13.43,2019-09-11,2019-09-12,1,43.72364439,37.02096977,485.9290505,1696397.644,-25.26882627
3167.T,859.1395264,7200,873.8626099,106006.2012,1.71,2019-09-06,2019-09-18,8,45.66287847,38.61292848,449.2809746,1802403.845,-20.59894957
9508.T,975.9464722,500,986.6418457,5347.686768,1.1,2019-09-13,2019-09-24,7,64.50567923,47.51224058,98.81803205,1807751.532,-20.36336865
9519.T,844,7400,940,710400,11.37,2019-09-05,2019-09-25,14,22.74092881,16.860256,484.2817159,2518151.532,10.93178553
9843.T,14903.72168,600,15257.99414,212563.4766,2.38,2019-09-12,2019-09-25,9,56.57771892,48.56450085,566.868266,2730715.008,20.29581534
4568.T,2134.879883,100,2166.050781,3117.089844,1.46,2019-09-10,2019-09-26,12,40.09633688,36.91753121,683.5769492,2733832.098,20.43313207
2371.T,2471.238037,2500,2490.660156,48555.29785,0.79,2019-09-19,2019-10-01,7,53.63996027,43.10613767,560.8121753,2782387.396,22.57213198
4307.T,2069.748535,7900,2087.887695,143299.3652,0.88,2019-09-26,2019-10-04,5,54.34168315,46.28482603,608.2275557,2925686.761,28.88487934
9719.T,1604.295166,300,1582.734497,-6468.200684,-1.34,2019-09-24,2019-10-08,8,60.34227873,48.08957081,479.9940482,2919218.56,28.59993658
6479.T,1728.636108,9500,1734.356934,54347.83936,0.33,2019-10-04,2019-10-10,3,63.26651993,58.42425301,485.242169,2973566.4,30.99411453
5411.T,1136.667236,5600,1122.649902,-78497.07031,-1.23,2019-10-01,2019-10-16,10,66.88411263,62.43844304,418.8154904,2895069.329,27.53609381
4816.T,4895.266113,100,5203.022949,30775.68359,6.29,2019-10-08,2019-10-25,13,63.77930341,56.68719498,425.6302719,2925845.013,28.89185079
5019.T,2635.349854,2100,2707.146484,150772.9248,2.72,2019-10-21,2019-10-31,8,41.53452231,38.19996533,635.4763651,3076617.938,35.53382986
8697.T,1627.579712,3400,1678.703125,173819.6045,3.14,2019-10-11,2019-11-01,15,37.77905087,29.37802366,652.582745,3250437.542,43.19108116
8015.T,3098.329834,1800,3168.547607,126391.9922,2.27,2019-10-15,2019-11-01,13,35.37458092,25.93922316,692.9096055,3376829.535,48.75901033
8058.T,2287.814941,2600,2321.708496,88123.24219,1.48,2019-10-16,2019-11-05,14,41.95761732,32.64039102,675.7355347,3464952.777,52.64109148
1407.T,1075.901154,600,1115.802997,23941.10596,3.71,2019-10-25,2019-11-05,7,53.70619966,31.89736225,513.287828,3488893.883,53.69576576
7733.T,1431.473145,3100,1648.715698,673451.9165,15.18,2019-11-06,2019-11-07,1,55.54346022,41.69565481,613.1822412,4162345.799,83.36325106
3563.T,1856.57959,2700,2038.835205,492090.1611,9.82,2019-11-07,2019-11-12,3,60.42543331,52.94745085,572.6047933,4654435.96,105.0412317
8308.T,402.8664856,100,404.2989502,143.24646,0.36,2019-11-11,2019-11-13,2,87.53051593,84.05148159,142.56904,4654579.207,105.0475421
8056.T,3291.629883,1700,3204.403809,-148284.3262,-2.65,2019-10-31,2019-11-15,11,52.75710308,41.8866588,548.9818461,4506294.881,98.51519298
8174.T,939.6896362,100,1033.807983,9411.834717,10.02,2019-11-08,2019-11-27,13,26.30929884,18.1292123,428.5698844,4515706.715,98.92981125
3038.T,1652.787598,1500,1674.989258,33302.49023,1.34,2019-11-18,2019-11-27,7,71.7120102,62.14410851,409.9679706,4549009.206,100.3968813
9090.T,1151.3125,12000,1249.052246,1172876.953,8.49,2019-11-05,2019-11-29,18,20.4545684,13.74526952,438.2346845,5721886.159,152.0654695
4901.T,4841.787598,600,4837.11084,-2806.054688,-0.1,2019-11-15,2019-11-29,10,55.727274,43.82692019,439.1170056,5719080.104,151.9418548
7832.T,2110.21875,2600,2146.806641,95128.51563,1.73,2019-11-12,2019-12-03,15,33.44377764,31.97742988,505.2655906,5814208.62,156.1325383
7013.T,2340.981689,1100,2336.373535,-5068.969727,-0.2,2019-11-27,2019-12-11,10,27.10437615,20.45251957,681.6789014,5809139.65,155.9092357
7269.T,4424.717773,1400,4401.455078,-32567.77344,-0.53,2019-12-02,2019-12-16,10,7.595139856,7.241647245,640.8430239,5776571.876,154.474532
1893.T,591.7142944,9900,600.5722656,87693.91479,1.5,2019-12-05,2019-12-16,7,32.10872018,18.71348637,586.8193083,5864265.791,158.3377001
1417.T,1496.092285,3900,1496.9823,3471.057129,0.06,2019-12-06,2019-12-16,6,28.88926153,18.89315295,674.1122051,5867736.848,158.4906101
4689.T,380.9404602,7200,412.2896423,225714.1113,8.23,2019-12-13,2019-12-20,5,21.82608472,14.52706158,560.5812647,6093450.96,168.433963
1414.T,4276.32959,1300,4234.358887,-54561.91406,-0.98,2019-12-09,2019-12-23,10,54.97914811,37.21272721,633.8321672,6038889.046,166.0303544
2433.T,1613.197998,7500,1576.617676,-274352.417,-2.27,2019-12-17,2020-01-08,13,31.6200321,27.76541878,645.1372924,5764536.629,153.9443449
3141.T,3291.675293,2600,3286.870117,-12493.45703,-0.15,2019-12-20,2020-01-09,11,49.35065741,34.84845075,643.7932805,5752043.172,153.3939723
8876.T,2865.614746,700,2917.803223,36531.93359,1.82,2019-12-26,2020-01-09,9,57.14286631,37.19271246,570.0576822,5788575.105,155.0033086
4848.T,2332.413818,700,2341.632813,6453.295898,0.4,2019-12-27,2020-01-10,9,70.10564451,53.74277221,630.7413002,5795028.401,155.2875948
7550.T,2390.777832,900,2383.980469,-6117.626953,-0.28,2019-12-24,2020-01-16,14,21.06599749,16.71972661,625.7295491,5788910.774,155.0180958
3626.T,2106.271729,3600,2084.266113,-79220.21484,-1.04,2020-01-09,2020-01-24,11,37.99984461,21.68634544,584.8665997,5709690.559,151.5282185
9684.T,5352.647461,2100,5211.042969,-297369.4336,-2.65,2020-01-10,2020-01-27,10,50.00006855,34.65082179,587.4242606,5412321.126,138.4282434
4768.T,4256.384766,1200,4313.32666,68330.27344,1.34,2020-01-14,2020-01-27,8,36.70689836,27.58449625,610.6276752,5480651.399,141.4383876
1820.T,2002.620972,500,1957.780029,-22420.47119,-2.24,2020-01-20,2020-02-03,8,46.05581357,35.49039651,655.9566634,5458230.928,140.4507017
8174.T,986.00177,1200,1089.083862,123698.5107,10.45,2020-01-17,2020-02-07,13,17.17272477,17.03681142,623.467555,5581929.439,145.8999753
9517.T,1603.893311,5000,1516.321655,-437858.2764,-5.46,2020-01-29,2020-02-12,10,11.75643689,8.981873631,623.7334548,5144071.162,126.6110644
9532.T,1684.993652,2700,1703.946655,51173.10791,1.12,2020-02-04,2020-02-17,9,5.364071745,3.184197565,557.0978214,5195244.27,128.8653864
1605.T,867.0078125,9100,876.2626343,84218.87817,1.07,2020-01-31,2020-02-18,12,8.734713461,7.578252104,455.7032815,5279463.148,132.5754691
8282.T,1166.665039,3600,1169.304565,9502.294922,0.23,2020-02-05,2020-02-18,9,13.54177596,10.99454179,541.4586917,5288965.443,132.9940724
2587.T,4329.358398,1800,4106.147461,-401779.6875,-5.16,2020-02-20,2020-02-25,3,56.27124909,46.20390116,403.649643,4887185.756,115.2945267
4901.T,5035.383789,3100,5044.737305,28995.89844,0.19,2020-02-19,2020-03-02,8,20.53689646,13.62090633,616.6122927,4916181.654,116.571879
6869.T,6685.710449,800,6123.060547,-450119.9219,-8.42,2020-03-02,2020-03-09,5,8.095215127,7.258552695,550.5680326,4466061.732,96.74280759
4523.T,7278.65332,700,6793.287598,-339756.0059,-6.67,2020-03-10,2020-03-12,2,20.30306438,16.31455829,595.6843033,4126305.727,81.77558267
8591.T,1153.571899,2900,1093.525146,-174135.5835,-5.21,2020-03-17,2020-03-18,1,10.58422852,10.38655155,504.0929434,3952170.143,74.10441159
9434.T,1180.77771,4300,1159.388306,-91974.43848,-1.81,2020-03-05,2020-03-19,10,42.24126691,27.6492517,617.2655427,3860195.705,70.05267421
6702.T,8441.633789,200,7973.70459,-93585.83984,-5.54,2020-03-19,2020-03-23,2,9.847073115,8.597870608,620.5579207,3766609.865,65.92994999
9984.T,3675.363037,600,4042.80249,220463.6719,10,2020-03-24,2020-03-25,1,14.19247116,7.768880479,339.2542888,3987073.537,75.64200602
4768.T,3909.990479,500,4313.32666,201668.0908,10.32,2020-03-23,2020-03-27,4,23.33572985,15.59008055,682.746654,4188741.627,84.52606288
4021.T,3329.386719,1700,3665.084229,570685.7666,10.08,2020-03-25,2020-03-27,2,18.31446325,7.956576125,583.9155421,4759427.394,109.666405
6920.T,5387.832031,1400,5093.415039,-412183.7891,-5.46,2020-04-08,2020-04-13,1,78.77936099,69.39900723,73.69265974,4347243.605,91.50852885
8035.T,7071.149089,2200,7151.119792,175935.5469,1.13,2020-04-07,2020-04-15,4,63.78470567,55.71233911,18.2365611,4523179.152,99.25899347
6849.T,3557.591064,700,3704.834717,103070.5566,4.14,2020-04-14,2020-04-21,5,57.22154479,55.27291865,374.3428805,4626249.708,103.7995466
3880.T,1425.342651,1400,1415.744263,-13437.74414,-0.67,2020-04-10,2020-04-24,9,71.08492587,66.01790483,304.6893883,4612811.964,103.2075755
4088.T,1352.817505,5100,1361.939575,46522.55859,0.67,2020-04-17,2020-05-07,12,67.71306814,62.87458577,261.5836141,4659334.523,105.2570274
9069.T,766.5289917,14100,770.1108398,50504.05884,0.47,2020-04-23,2020-05-07,8,78.77843536,77.05547252,150.4721472,4709838.582,107.4818758
2587.T,3822.483398,700,3627.174072,-136716.5283,-5.11,2020-04-27,2020-05-07,6,46.45687715,41.65688275,332.2253748,4573122.053,101.4591213
2811.T,2672.986572,900,2677.818359,4348.608398,0.18,2020-04-28,2020-05-08,6,43.83101086,35.56753932,600.7604722,4577470.662,101.6506899
3923.T,860.9510498,8000,932.2399292,570311.0352,8.28,2020-05-07,2020-05-12,3,64.14197477,60.69127761,403.1305797,5147781.697,126.7745241
5021.T,1436.950439,1500,1345.380127,-137355.4688,-6.37,2020-04-30,2020-05-14,9,50.8681553,36.79615092,516.3771443,5010426.228,120.7236224
7956.T,3700.552002,1400,3714.107178,18977.24609,0.37,2020-05-11,2020-05-21,8,31.53440258,21.16859129,522.2225408,5029403.474,121.5596244
4519.T,4121.746094,1100,4476.45459,390179.3457,8.61,2020-05-19,2020-05-25,4,31.11014321,23.51845761,681.8877197,5419582.82,138.7481419
4523.T,7006.586426,800,7836.899414,664250.3906,11.85,2020-05-08,2020-05-29,15,41.56610616,33.27157574,476.9599712,6083833.211,168.0102736
2264.T,4329.525391,1200,4339.104004,11494.33594,0.22,2020-05-15,2020-05-29,10,61.96982609,51.44399353,544.4676602,6095327.547,168.516632
8113.T,3982.894287,1200,3945.988525,-44286.91406,-0.93,2020-05-18,2020-06-01,10,34.42843249,20.81592424,574.254371,6051040.633,166.5656666
4348.T,2651.250732,3800,2747.344971,365158.1055,3.62,2020-05-25,2020-06-08,10,30.26233213,23.63936582,667.8235784,6416198.738,182.6519268
9090.T,1417.974121,100,1392.472412,-2550.170898,-1.8,2020-05-26,2020-06-09,10,24.98555686,19.5583652,516.929778,6413648.567,182.5395845
6758.T,6827.70459,800,7249.723633,337615.2344,6.18,2020-06-01,2020-06-12,9,39.75109406,32.53743137,440.2162802,6751263.801,197.4125023
6754.T,2097.350098,2500,2173.734863,190961.9141,3.64,2020-06-03,2020-06-12,7,48.8199411,31.43672042,397.7451121,6942225.716,205.8249214
2782.T,3241.417969,1700,3578.969482,573837.5732,10.41,2020-06-02,2020-06-15,9,34.1572881,28.18706703,501.7329581,7516063.289,231.1041096
7735.T,2337.55957,4400,2084.614502,-1112958.301,-10.82,2020-06-08,2020-06-15,5,40.47060374,31.28776586,585.3923852,6403104.988,182.0751096
4716.T,10459.39355,600,11677.62695,730940.0391,11.65,2020-06-16,2020-07-03,11,30.72215707,25.56395593,562.5923043,7134045.027,214.2751113
4568.T,2846.074219,1900,2752.928955,-176976.001,-3.27,2020-06-23,2020-07-07,8,26.39749369,24.42933762,664.7409398,6957069.026,206.4788117
5344.T,8023.304688,700,7797.158691,-158302.1973,-2.82,2020-06-26,2020-07-10,9,36.66664974,32.66666089,666.6625439,6798766.829,199.5051466
9503.T,909.5127563,5300,944.3267822,184514.3372,3.83,2020-06-30,2020-07-20,13,15.45121252,10.57552179,392.5715388,6983281.166,207.6335315
6988.T,5468.355957,1100,5477.46875,10024.07227,0.17,2020-07-03,2020-07-29,18,38.33334104,35.49909167,623.402435,6993305.238,208.0751206
6754.T,2318.220703,1600,2216.067871,-163444.5313,-4.41,2020-07-13,2020-07-29,12,55.64641724,54.25330493,488.3394465,6829860.707,200.874921
6752.T,900.9187012,6300,959.9195557,371705.3833,6.55,2020-07-06,2020-07-30,18,36.38619697,24.50001189,636.3605947,7201566.09,217.2496075
2433.T,1156.261841,4100,1071.024658,-349472.4487,-7.37,2020-07-15,2020-07-31,12,27.14930182,17.13889862,603.734281,6852093.642,201.8543454
1417.T,1444.272583,5000,1310.677368,-667976.0742,-9.25,2020-07-20,2020-07-31,9,53.91299098,47.09346748,407.205505,6184117.567,172.4280867
9143.T,2140.703613,1700,2215.651855,127412.0117,3.5,2020-08-03,2020-08-12,7,80.20834363,72.45898879,191.0375703,6311529.579,178.0409506
4519.T,4625.57373,900,4547.430664,-70328.75977,-1.69,2020-08-04,2020-08-19,11,13.7026722,10.68237082,615.1877056,6241200.819,174.9427674
6857.T,1202.160034,5000,1139.682129,-312389.5264,-5.2,2020-08-13,2020-08-19,4,11.64840332,6.416386023,632.4752375,5928811.293,161.1811142
6432.T,1786.630737,2400,1972.122803,445180.957,10.38,2020-08-11,2020-08-24,9,49.52380382,37.03525177,531.4124913,6373992.25,180.7926101
6383.T,3198.814128,2000,3022.732747,-352162.7604,-5.5,2020-08-12,2020-08-25,9,40.00261827,36.96493534,614.5399894,6021829.49,165.2788321
9759.T,1818.278198,3200,1821.067017,8924.21875,0.15,2020-08-18,2020-08-25,5,38.06758046,31.46525632,549.0969131,6030753.708,165.6719695
3349.T,19446.24805,300,18293.6582,-345776.9531,-5.93,2020-08-24,2020-08-27,3,58.45355422,46.30561086,619.1252856,5684976.755,150.4395046
3923.T,1428.769897,2900,1443.725708,43371.85059,1.05,2020-08-21,2020-09-01,7,79.86266665,69.96182958,325.0866535,5728348.606,152.3501588
6701.T,5326.939453,700,5232.822754,-65881.68945,-1.77,2020-08-19,2020-09-02,10,31.75006648,24.30004428,591.9290008,5662466.916,149.4478818
4021.T,5297.010742,1300,5129.442871,-217838.2324,-3.16,2020-08-25,2020-09-08,10,30.22626492,18.21068161,357.6567285,5444628.684,139.8514839
5021.T,1480.974731,3900,1401.731079,-309050.2441,-5.35,2020-08-31,2020-09-09,7,51.9856036,45.32201926,411.6392375,5135578.44,126.2369357
4527.T,1691.164429,2200,1703.295898,26689.2334,0.72,2020-09-08,2020-09-11,3,57.48990612,52.07696626,332.8912881,5162267.673,127.4126728
2503.T,1863.893555,2400,1791.134277,-174622.2656,-3.9,2020-09-02,2020-09-16,10,49.0969762,35.21907211,205.3779748,4987645.408,119.720062
9143.T,2260.1521,2000,2562.286621,604269.043,13.37,2020-09-18,2020-09-25,5,35.83331247,23.39599757,619.9953073,5591914.45,146.3398436
6971.T,5806.952148,400,5635.231445,-68688.28125,-2.96,2020-09-10,2020-09-28,12,49.55387131,42.7632027,635.0786293,5523226.169,143.3139282
4568.T,3156.023682,2100,3162.447266,13489.52637,0.2,2020-09-14,2020-09-28,10,58.70436931,41.28748416,537.7533302,5536715.696,143.9081804
6302.T,2271.728271,3200,2271.630371,-313.28125,0,2020-09-11,2020-09-29,12,52.07278845,41.98637399,578.726759,5536402.414,143.8943795
8439.T,5109.956055,900,5252.324219,128131.3477,2.79,2020-09-03,2020-09-30,19,17.24127616,10.99701395,352.0238155,5664533.762,149.5389322
8570.T,958.1339722,5500,1049.384888,501880.0354,9.52,2020-10-05,2020-10-09,4,63.18667933,46.26614301,550.939573,6166413.797,171.6481849
8282.T,1305.09729,3500,1299.689331,-18927.85645,-0.41,2020-09-28,2020-10-12,8,24.27170497,12.88714362,614.9522292,6147485.941,170.8143586
8604.T,454.0074158,12900,444.4093018,-123815.6708,-2.11,2020-09-29,2020-10-13,8,18.69271462,8.914778702,641.3332314,6023670.27,165.3599238
7956.T,4301.961426,1200,4529.820801,273431.25,5.3,2020-09-25,2020-10-15,12,27.56758811,18.31343143,564.6375125,6297101.52,177.4053533
8020.T,1143.410889,4500,1123.33606,-90336.73096,-1.76,2020-10-06,2020-10-20,10,36.90726991,34.98298975,567.371667,6206764.789,173.4257616
2317.T,449.5039978,8000,487.4736633,303757.3242,8.45,2020-10-13,2020-10-20,5,52.15257533,40.77948315,535.971735,6510522.113,186.8071416
3765.T,2132.354492,2500,2336.352539,509995.1172,9.57,2020-10-21,2020-10-23,2,33.52060823,27.07367125,527.1151365,7020517.231,209.2738868
1911.T,1552.158936,3900,1450.392578,-396888.7939,-6.56,2020-10-19,2020-10-30,8,62.79136184,51.11539182,91.9189965,6623628.437,191.789799
6920.T,8963.580078,500,9790.079102,413249.5117,9.22,2020-11-04,2020-11-09,3,44.12910037,37.79980125,597.5875472,7036877.948,209.9946233
2371.T,2772.808594,1400,3189.914795,583948.6816,15.04,2020-11-05,2020-11-10,3,37.47865047,29.24713679,625.2038692,7620826.63,235.7192348
3088.T,1272.849121,3800,1449.25354,670336.792,13.86,2020-11-09,2020-11-16,5,46.51685093,28.65121137,692.5545406,8291163.422,265.24949
6967.T,1758.762695,2600,1933.667358,454752.124,9.94,2020-11-10,2020-11-16,4,30.25351225,22.98031283,667.0736526,8745915.546,285.2826232
7747.T,3233.743164,1300,3218.95459,-19225.14648,-0.46,2020-11-02,2020-11-17,11,32.75861994,24.39984816,585.2665502,8726690.4,284.4357004
9069.T,884.4297485,4100,908.0144653,96697.33887,2.67,2020-11-06,2020-11-19,9,35.0979317,21.37906716,591.4840316,8823387.738,288.6954951
8354.T,1610.408569,6700,1784.410645,1165813.904,10.8,2020-10-23,2020-11-26,23,22.52940514,16.13507823,686.1841571,9989201.642,340.0529358
4980.T,1124.980225,9300,1281.778564,1458224.561,13.94,2020-11-16,2020-12-02,12,23.55029823,19.36661532,411.3815251,11447426.2,404.2919032
7974.T,4497.82373,600,4705.274902,124470.7031,4.61,2020-11-19,2020-12-04,11,28.09680411,24.9415731,167.5911632,11571896.91,409.7751941
2384.T,2320.842041,1100,2380.716553,65861.96289,2.58,2020-11-24,2020-12-07,9,46.84410079,41.97716215,483.4552791,11637758.87,412.6766022
4689.T,595.7346191,4500,597.3921509,7458.892822,0.28,2020-11-20,2020-12-09,13,11.61383485,7.67033041,670.4882927,11645217.76,413.0051877
4205.T,1234.720337,9700,1300.397217,637065.7349,5.32,2020-11-26,2020-12-10,10,50.24638885,34.42439454,502.8561487,12282283.5,441.0697576
7203.T,1367.530762,3800,1479.73938,426392.749,8.21,2020-12-09,2020-12-14,3,45.26262813,36.66333414,513.9031043,12708676.25,459.8535791
2531.T,1129.572876,10500,1147.078491,183808.96,1.55,2020-12-02,2020-12-15,9,76.42937526,74.06071604,319.5481514,12892485.21,467.9508901
7550.T,2635.022705,1100,2581.146973,-59263.30566,-2.04,2020-12-04,2020-12-18,10,58.37274494,55.72319618,546.9622525,12833221.9,465.3401718
4506.T,1334.710449,4200,1264.161499,-296305.5908,-5.29,2020-12-14,2020-12-18,4,33.71793763,22.12742231,594.8135797,12536916.31,452.2870621
2702.T,5065.383789,2500,4948.714844,-291672.3633,-2.3,2020-12-11,2020-12-25,9,33.14281186,21.31306386,531.3202095,12245243.95,439.4380593
1721.T,2860.195313,4200,2833.127686,-113684.0332,-0.95,2020-12-16,2021-01-06,13,50.00003368,39.86268815,614.2869435,12131559.91,434.4299521
2670.T,1430.424561,1300,1498.91626,89039.20898,4.79,2020-12-23,2021-01-08,10,13.6450645,9.751877957,585.9663094,12220599.12,438.3523842
9719.T,1824.891602,1500,1778.099609,-70187.98828,-2.56,2020-12-25,2021-01-12,11,21.71428247,15.258881,583.4117566,12150411.13,435.2604023
6506.T,4852.060547,500,5481.569336,314754.3945,12.97,2020-12-24,2021-01-13,12,34.53335425,26.55586534,674.1032148,12465165.53,449.1262347
7729.T,4383.020996,1600,4883.938965,801468.75,11.43,2021-01-06,2021-01-13,5,40.63821976,39.21263687,652.5560537,13266634.28,484.4332281
5411.T,929.3825073,17000,879.260437,-852075.1953,-5.39,2021-01-08,2021-01-14,4,48.53822929,30.99930144,624.3164873,12414559.08,446.8968759
1925.T,2727.072754,1700,2756.219727,49549.85352,1.07,2020-12-28,2021-01-20,16,7.006168657,4.654212259,675.6521457,12464108.94,449.0796888
9684.T,6061.227539,1100,5603.055664,-503989.0625,-7.56,2021-01-14,2021-01-21,5,32.1738924,20.18181985,608.1413691,11960119.87,426.8775275
4502.T,3268.189941,2800,3244.634033,-65956.54297,-0.72,2021-01-13,2021-01-28,11,26.49933531,16.72029525,605.3060684,11894163.33,423.9719529
2379.T,2416.882813,2400,2694.838867,667094.5313,11.5,2021-01-22,2021-01-28,4,28.89106322,16.91613944,688.6394382,12561257.86,453.3593772
3116.T,1549.015137,3800,1742.757202,736219.8486,12.51,2021-01-21,2021-02-03,9,48.53199734,39.80590038,618.6021694,13297477.71,485.7919696
3635.T,2168.615723,2700,2244.390625,204592.2363,3.49,2021-01-25,2021-02-03,7,23.14470814,18.3920618,741.1599441,13502069.95,494.8048435
1959.T,2946.226074,1900,3257.318359,591075.3418,10.56,2021-01-27,2021-02-08,8,33.12813674,31.90763279,539.7089083,14093145.29,520.8434048
3107.T,1601.05542,7900,1509.515381,-723166.3086,-5.72,2021-02-03,2021-02-12,6,20.75864896,17.36893528,628.3555139,13369978.98,488.9858581
8078.T,2679.299316,2300,2513.155029,-382131.8604,-6.2,2021-02-08,2021-02-19,7,46.93079395,29.04554856,575.7866431,12987847.12,472.1518555
9104.T,681.8704834,10700,774.4332275,990421.3623,13.57,2021-02-02,2021-02-22,12,21.54692711,15.03522209,497.4963247,13978268.48,515.7827525
3549.T,8318.483398,1000,8407.608398,89125,1.07,2021-02-01,2021-02-24,15,8.867311593,8.171367737,513.0457445,14067393.48,519.708964
7167.T,192.1970978,200,204.712265,2503.033447,6.51,2021-02-05,2021-02-24,11,47.69696519,38.01210666,470.516277,14069896.52,519.8192297
6005.T,5974.774414,2000,5550.073242,-849402.3438,-7.11,2021-02-15,2021-02-24,7,65.64566551,50.31616201,536.7547133,13220494.17,482.4006243
6976.T,5559.340332,1300,5245.199707,-408382.8125,-5.65,2021-02-22,2021-02-24,2,36.19998445,29.67028133,562.4336091,12812111.36,464.410192
6323.T,7490.086426,700,7078.328125,-288230.8105,-5.5,2021-03-01,2021-03-04,3,28.26564553,27.75463027,642.3396978,12523880.55,451.7127995
2587.T,3771.947021,700,3805.496582,23484.69238,0.89,2021-03-05,2021-03-15,6,55.80305087,36.81141743,534.8166844,12547365.24,452.7473674
4506.T,1829.506592,1900,1977.278076,280765.8203,8.08,2021-03-09,2021-03-15,4,53.17542009,35.24675704,620.5656242,12828131.06,465.1159058
4812.T,3623.075928,1300,4020.847412,517102.9297,10.98,2021-02-25,2021-03-18,15,56.53545893,48.31611818,459.6942169,13345233.99,487.8957705
3407.T,1076.704346,4900,1205.347168,630349.8291,11.95,2021-03-03,2021-03-18,11,23.2374218,17.83728135,568.8799159,13975583.82,515.6644855
2371.T,3104.5979,3600,2853.385742,-904363.7695,-8.09,2021-03-18,2021-03-24,4,24.12454393,21.28701102,641.1413854,13071220.05,475.8246718
8282.T,1335.741821,4300,1386.21521,217035.5713,3.78,2021-03-11,2021-03-25,10,37.5000358,27.24733358,590.7631495,13288255.62,485.3857102
2264.T,5632.214355,800,5755.693359,98783.20313,2.19,2021-03-25,2021-03-30,3,93.56160373,90.31064135,12.87194217,13387038.82,489.7373932
4819.T,4154.975586,4200,4578.200684,1777545.41,10.19,2021-03-15,2021-04-05,13,50.14708517,32.72386958,639.6633476,15164584.24,568.0433584
9107.T,652.045105,600,731.1921387,47488.22021,12.14,2021-04-02,2021-04-08,2,68.87638468,68.85841701,394.3037923,15212072.46,570.1353505
8088.T,6607.273438,600,6651.479004,26523.33984,0.67,2021-03-26,2021-04-09,7,80.46336695,74.75935286,99.59608686,15238595.8,571.3037795
3880.T,1874.680786,2100,1835.453491,-82377.31934,-2.09,2021-03-29,2021-04-12,7,17.88582848,9.597323982,651.2489593,15156218.48,567.6748227
8283.T,5727.86377,1400,5622.501953,-147506.543,-1.84,2021-03-30,2021-04-13,7,48.84046937,38.57490463,476.3206388,15008711.93,561.1767371
4183.T,3307.51709,1300,3316.820801,12094.82422,0.28,2021-04-09,2021-04-15,4,41.08929027,37.97257113,581.1502492,15020806.76,561.7095488
5393.T,2589.999023,7400,2556.947266,-244583.0078,-1.28,2021-04-05,2021-04-21,11,66.29048794,65.48245982,383.4113176,14776223.75,550.9349669
9787.T,3285.737549,900,3185.445801,-90262.57324,-3.05,2021-04-13,2021-04-27,10,44.39244402,32.20636452,639.5782738,14685961.18,546.9586421
8273.T,4288.51123,1100,4045.323975,-267505.9814,-5.67,2021-04-15,2021-04-28,9,50.56589195,41.30653439,655.3624795,14418455.19,535.1742376
3738.T,1777.598511,2500,1682.337891,-238151.5503,-5.36,2021-04-16,2021-04-30,10,54.31801977,43.32188749,647.4750467,14180303.64,524.6829799
6967.T,3311.127441,800,3029.122314,-225604.1016,-8.52,2021-05-07,2021-05-12,3,46.28301207,35.34206036,665.6193324,13954699.54,514.7444732
1861.T,2756.9021,4200,2752.337646,-19170.70313,-0.17,2021-04-22,2021-05-13,15,34.60905341,25.28064493,704.4092433,13935528.84,513.8999489
6302.T,2892.720459,700,2952.128662,41585.74219,2.05,2021-05-06,2021-05-17,7,42.7692464,40.28077641,462.9559723,13977114.58,515.7319199
7974.T,5257.151367,600,5640.750488,230159.4727,7.3,2021-05-10,2021-06-01,15,27.51548433,19.22964062,550.2852332,14207274.05,525.8711037
7735.T,4244.759766,1800,4678.079102,779974.8047,10.21,2021-05-21,2021-06-01,7,12.99868844,11.6022892,645.8042136,14987248.86,560.2312273
6586.T,4709.893066,1800,5192.085449,867946.2891,10.24,2021-05-20,2021-06-02,9,23.84620634,19.94534501,644.9283918,15855195.15,598.4667466
6532.T,3317.899902,3600,3588.24707,973249.8047,8.15,2021-06-01,2021-06-03,2,71.40731929,67.5067632,371.5238744,16828444.95,641.3411873
6273.T,60963.30078,100,63366.94531,240364.4531,3.94,2021-05-14,2021-06-08,16,20.30260268,16.6051322,575.611092,17068809.41,651.9299298
3563.T,4638.006836,1900,4667.330078,55714.16016,0.63,2021-05-18,2021-06-08,14,23.69216471,17.09344635,645.9830421,17124523.57,654.3842981
8795.T,1398.126465,6700,1319.487549,-526880.7373,-5.62,2021-06-02,2021-06-11,7,84.76143559,74.62978233,247.6969703,16597642.83,631.1736929
2871.T,2738.198242,5500,2784.801758,256319.3359,1.7,2021-06-08,2021-06-18,7,57.94420368,44.97245566,342.1391283,16853962.16,642.4652936
5423.T,1071.655762,2900,1008.011475,-184568.4326,-5.94,2021-06-11,2021-06-18,4,31.811016,25.08107304,388.8459077,16669393.73,634.3345256
5411.T,1148.650146,2300,1082.743774,-151584.6558,-5.74,2021-06-15,2021-06-18,3,12.19905451,9.694367714,573.9963132,16517809.08,627.6567875
1605.T,719.4684448,18000,717.6809692,-32174.56055,-0.25,2021-06-03,2021-06-21,11,47.97955196,36.81038442,447.913008,16485634.52,626.239406
4974.T,2857.935303,1100,2866.592773,9523.217773,0.3,2021-06-14,2021-06-24,8,53.09513957,43.27595283,489.9555751,16495157.73,626.658931
8316.T,3468.73999,900,3436.794678,-28750.78125,-0.92,2021-06-22,2021-07-06,9,22.32871807,18.30997432,327.0565229,16466406.95,625.3923768
3291.T,2665.419189,3200,2503.933838,-516753.125,-6.06,2021-06-24,2021-07-06,7,42.01907201,34.85978659,481.3104614,15949653.83,602.6279219
7269.T,4532.499023,1900,4365.862793,-316608.8379,-3.68,2021-06-25,2021-07-09,9,54.81590218,39.32847473,578.3476011,15633044.99,588.680396
8591.T,1757.849854,4800,1724.553833,-159820.8984,-1.89,2021-06-28,2021-07-12,9,47.02879506,39.05854014,557.6558662,15473224.09,581.6398278
8804.T,1509.71582,5400,1475.31958,-185739.6973,-2.28,2021-07-02,2021-07-20,12,19.07291459,13.08430411,371.0146795,15287484.39,573.4574623
3289.T,607.9299316,3900,571.732605,-141169.574,-5.95,2021-07-12,2021-07-20,6,11.72402072,11.45010321,615.7965037,15146314.82,567.2385383
3186.T,2211.370117,1300,2236.017578,32041.69922,1.11,2021-07-26,2021-07-27,1,92.61322779,92.48717469,6.122729476,15178356.52,568.6500669
8601.T,536.9942017,5300,526.7167358,-54470.56885,-1.91,2021-07-13,2021-07-29,12,19.67716859,11.73215146,689.5432531,15123885.95,566.2504824
9107.T,1064.028687,6300,1149.203369,536600.5005,8,2021-08-02,2021-08-11,7,43.12589605,27.4298587,650.7754226,15660486.45,589.889271
4543.T,4149.651855,2000,4254.125488,208947.2656,2.52,2021-07-27,2021-08-13,13,16.14441557,10.83050776,648.4306355,15869433.72,599.0939963
8088.T,6118.973633,1200,6022.154297,-116183.2031,-1.58,2021-07-29,2021-08-16,12,27.6666593,22.24615673,537.1217738,15753250.51,593.9757935
4848.T,2233.884033,3200,2049.478516,-590097.6563,-8.25,2021-08-11,2021-08-16,3,42.07325715,25.24551234,590.4871568,15163152.86,567.9803021
9434.T,1290.737183,5000,1281.595459,-45708.61816,-0.71,2021-08-06,2021-08-23,11,58.1346604,39.38703271,512.7126362,15117444.24,565.9667066
4151.T,3311.115723,2000,3654.311523,686391.6016,10.36,2021-08-05,2021-09-02,20,9.917463302,8.18481133,596.5225742,15803835.84,596.204222
1973.T,1905.647095,1400,2027.623535,170767.0166,6.4,2021-08-23,2021-09-06,10,77.21070009,67.53919281,320.507613,15974602.86,603.7269981
6134.T,2575.263428,2300,2880.834473,702813.4033,11.87,2021-08-30,2021-09-10,9,40.87565252,27.50155933,504.0251362,16677416.26,634.687941
1878.T,11082.72852,500,12438.49609,677883.7891,12.23,2021-08-18,2021-09-14,19,7.613160614,6.229413554,501.6816251,17355300.05,664.550663
2914.T,1887.372192,9800,1904.426758,167134.7412,0.9,2021-09-02,2021-09-15,9,33.90803852,19.28801767,554.7445699,17522434.79,671.9134269
6724.T,2084.039551,1300,2172.005371,114355.5664,4.22,2021-09-06,2021-09-15,7,71.5039966,53.12924732,489.9599162,17636790.36,676.951117
9503.T,1029.358765,6700,1047.553467,121904.5044,1.77,2021-09-14,2021-09-21,5,76.29641982,50.63207378,297.8250177,17758694.86,682.3213595
9064.T,2738.787598,1300,2755.946533,22306.61621,0.63,2021-08-24,2021-09-22,20,8.341634957,5.459781389,617.3746181,17781001.48,683.3040298
4689.T,726.8255005,29600,732.8323364,177802.3438,0.83,2021-09-17,2021-09-27,5,85.29945585,78.60968024,309.8087815,17958803.82,691.1367322
7649.T,8622.142578,700,8193.470703,-300070.3125,-4.97,2021-09-10,2021-09-28,11,51.45514815,40.21294193,539.7839819,17658733.51,677.9177757
4568.T,3013.318359,3500,2861.516602,-531306.1523,-5.04,2021-09-24,2021-10-05,6,84.66868926,80.30678928,279.1750763,17127427.36,654.5122183
1719.T,728.4064331,6900,724.7643433,-25130.41992,-0.5,2021-10-06,2021-10-20,9,23.18372019,19.78048811,376.0353745,17102296.94,653.4051514
4921.T,3667.115479,1500,3350.56543,-474825.0732,-8.63,2021-10-08,2021-10-21,8,28.56651192,19.49301917,596.0707213,16627471.86,632.4877473
4527.T,1668.197998,3700,1646.086426,-81812.81738,-1.33,2021-10-11,2021-10-25,9,18.64377686,14.24896602,707.1943943,16545659.05,628.8836584
6971.T,6361.402832,1100,6480.432617,130932.7637,1.87,2021-10-14,2021-10-26,8,13.95976891,10.92259519,653.2647341,16676591.81,634.6516216
4816.T,20217.44141,500,17954.73438,-1131353.516,-11.19,2021-10-15,2021-10-26,7,22.59271949,18.93993931,703.8845238,15545238.29,584.8122596
9509.T,485.7606812,14900,441.0072937,-666825.473,-9.21,2021-10-26,2021-10-29,3,20.16421928,18.40548303,215.5966157,14878412.82,555.4366881
2201.T,3908.494629,1300,3708.547363,-259931.4453,-5.12,2021-11-01,2021-11-09,6,30.8080717,14.91565853,549.6091991,14618481.38,543.9859637
7270.T,2137.38501,2400,2020.783325,-279844.043,-5.46,2021-11-04,2021-11-11,5,70.05814976,68.19081733,380.4946214,14338637.33,531.6580323
5021.T,2126.515137,1100,2012.205933,-125740.1245,-5.38,2021-11-11,2021-11-18,5,14.79774383,10.39001237,639.9363359,14212897.21,526.1188197
9697.T,3143.736328,900,2982.393555,-145208.4961,-5.13,2021-11-12,2021-11-22,6,42.83879062,40.42834515,476.3460326,14067688.71,519.7219697
5802.T,1459.304932,2300,1493.143921,77829.67529,2.32,2021-11-15,2021-11-26,9,56.23419794,47.10524387,526.1636348,14145518.39,523.1505897
3088.T,1488.53479,2100,1412.362427,-159961.9629,-5.12,2021-11-22,2021-11-30,6,15.29134164,9.757812366,591.8746217,13985556.42,516.1038072
4716.T,10375.34961,400,10027.89551,-138981.6406,-3.35,2021-11-19,2021-12-06,11,50.13331497,35.75554515,519.0999554,13846574.78,509.981268
6055.T,1556.380249,5600,1689.84021,747375.7813,8.58,2021-12-01,2021-12-07,4,30.61008908,23.39100311,665.2594342,14593950.56,542.9053112
3626.T,3350.410889,2000,3355.266602,9711.425781,0.14,2021-12-13,2021-12-15,2,55.28356472,52.77921465,525.7074975,14603661.99,543.3331273
3254.T,1717.484741,2400,1889.807617,413574.9023,10.03,2021-11-25,2021-12-16,15,30.08744815,20.7565985,530.5856335,15017236.89,561.552286
6841.T,2099.656006,3400,1974.375977,-425952.0996,-5.97,2021-12-07,2021-12-20,9,19.51975907,12.26304097,592.6710913,14591284.79,542.7878764
8113.T,4826.470703,1400,4881.629883,77222.85156,1.14,2021-12-15,2021-12-21,4,66.39605094,59.99592655,397.17458,14668507.65,546.1897641
4716.T,10346.39453,400,8937.277344,-563646.875,-13.62,2021-12-16,2021-12-22,4,31.96197621,26.60849042,292.9898363,14104860.77,521.3595053
6902.T,1864.25647,3900,1960.499146,375346.4355,5.16,2021-12-08,2021-12-23,11,50.98041086,44.53365045,565.5528998,14480207.21,537.8945906
1878.T,11963.66699,800,11852.54883,-88894.53125,-0.93,2021-12-03,2021-12-27,15,13.54298936,6.137419767,460.4571507,14391312.67,533.9785319
3774.T,2289.834473,3500,2094.747559,-682804.1992,-8.52,2021-12-28,2022-01-06,7,23.69501331,19.93203294,616.7439484,13708508.48,503.8990518
2782.T,3109.551025,2300,3095.352051,-32657.6416,-0.46,2021-12-21,2022-01-07,12,8.818015089,6.130235251,80.19509833,13675850.83,502.4603891
3436.T,2169.800049,2500,2145.908936,-59727.7832,-1.1,2021-12-22,2022-01-11,13,15.61941284,10.27327715,643.4364532,13616123.05,499.8292093
2331.T,762.2094727,10000,718.2039185,-440055.542,-5.77,2021-12-29,2022-01-11,9,10.50325522,9.67919848,438.3209615,13176067.51,480.4435026
7164.T,4700.332031,1400,4846.773926,205018.6523,3.12,2021-12-23,2022-01-19,18,18.08549034,15.87521717,165.9264971,13381086.16,489.4751613
3861.T,545.7324829,4200,558.0493164,51730.70068,2.26,2022-01-12,2022-01-19,5,64.68656231,49.65917925,92.69202703,13432816.86,491.7540468
9513.T,1376.057129,2000,1381.579834,11045.41016,0.4,2022-01-17,2022-01-21,4,37.69917551,27.70770337,541.4492006,13443862.27,492.2406287
7974.T,4682.86377,3400,4973.512695,988206.3477,6.21,2022-01-20,2022-02-04,8,38.82616509,24.50797656,526.2425995,14432068.62,535.773948
1893.T,602.2191162,100,567.8861084,-3433.300781,-5.7,2022-02-08,2022-02-14,4,43.49928918,31.59894503,3.323346488,14428635.32,535.6227013
8410.T,227.7503052,18600,228.6723785,17150.56458,0.4,2022-01-28,2022-02-15,9,53.63154401,48.41722204,508.8351521,14445785.88,536.3782327
6724.T,1717.736816,9800,1755.67688,371812.6221,2.21,2022-02-04,2022-02-16,8,12.80476061,8.274404885,645.7538232,14817598.51,552.7576434
2801.T,8558.525391,1600,8844.46582,457504.6875,3.34,2022-01-24,2022-02-18,16,12.90047798,8.235559306,559.7643476,15275103.19,572.9120349
7956.T,2117.592285,5100,1944.592529,-882298.7549,-8.17,2022-02-16,2022-02-24,6,39.64528286,30.01063555,309.2351753,14392804.44,534.0442484
5714.T,5153.103516,1400,5687.206543,747744.2383,10.36,2022-02-28,2022-03-02,2,44.5062679,33.77445913,519.2071336,15140548.68,566.9845232
5020.T,430.7121582,16700,402.1445618,-477078.8605,-6.63,2022-03-03,2022-03-09,4,42.87624907,29.83074057,480.5169614,14663469.82,545.9678333
7550.T,2730.475342,2500,2731.462158,2467.041016,0.04,2022-03-01,2022-03-10,7,49.30557169,41.97225387,440.6929456,14665936.86,546.0765135
8331.T,661.2124634,10600,718.2955322,605080.5298,8.63,2022-03-10,2022-03-17,5,11.67661301,8.799051166,520.703798,15271017.39,572.7320434
2384.T,3155.632813,2300,3263.266846,247558.2764,3.41,2022-02-25,2022-03-22,17,30.77307892,17.8424982,589.7449843,15518575.66,583.6376944
8802.T,1616.22522,4200,1764.678467,623503.6377,9.19,2022-03-16,2022-03-23,5,28.46320901,18.43011027,596.1504121,16142079.3,611.104815
7202.T,1398.430298,5000,1455.262695,284161.9873,4.06,2022-03-15,2022-04-01,13,50.53225874,32.87451769,598.8352908,16426241.29,623.6229642
2897.T,8535.572266,800,8446.746094,-71060.9375,-1.04,2022-03-17,2022-04-01,11,21.96693545,15.83169493,637.4980785,16355180.35,620.4925264
5334.T,1709.2052,4100,1791.408203,337032.312,4.81,2022-03-14,2022-04-04,15,17.6397987,10.16371401,643.2752899,16692212.66,635.3397649
4921.T,2805.124512,2900,2752.791748,-151765.0146,-1.87,2022-03-22,2022-04-05,9,24.88880732,18.10856835,613.5766793,16540447.65,628.6540814
4568.T,2519.571045,3000,2800.570313,842997.8027,11.15,2022-03-23,2022-04-07,10,19.30636954,12.02017364,533.5631289,17383445.45,665.7905485
4307.T,4113.873535,1800,3971.677734,-255952.4414,-3.46,2022-04-04,2022-04-18,7,59.83400535,52.93605357,463.8620794,17127493.01,654.5151105
9434.T,1360.936646,5600,1366.004395,28379.39453,0.37,2022-04-08,2022-04-19,5,63.15246119,59.67974852,425.3398756,17155872.4,655.7653041
3349.T,12856.37012,600,11766.84766,-653713.4766,-8.47,2022-04-14,2022-04-19,1,10.83259052,6.929737669,612.1349224,16502158.93,626.9673536
9503.T,1118.084961,6800,1127.584229,64595.01953,0.85,2022-04-13,2022-04-27,8,50.17579788,43.67822358,388.2989339,16566753.95,629.8129492
8058.T,4279.173828,1800,4018.768311,-468729.9316,-6.09,2022-04-19,2022-04-27,6,51.2168872,39.82178519,629.8402824,16098024.01,609.1640535
4183.T,2817.299316,2600,2669.866211,-383326.0742,-5.23,2022-04-21,2022-04-27,4,22.64337148,18.0892267,645.9789399,15714697.94,592.2774423
2433.T,1484.165527,4900,1452.444214,-155434.436,-2.14,2022-04-20,2022-05-10,12,41.60490805,33.53873507,666.9669289,15559263.5,585.4301103
4704.T,7085.436523,700,6695.054199,-273267.627,-5.51,2022-04-28,2022-05-13,9,51.54001328,33.13637474,708.932036,15285995.88,573.3918889
4812.T,3630.797607,1900,4043.940918,784972.29,11.38,2022-04-26,2022-05-17,13,24.46155427,19.99232081,617.5589569,16070968.17,607.972166
7733.T,2735.512695,1000,2594.020752,-141491.9434,-5.17,2022-05-13,2022-05-19,4,48.17548469,33.3589114,209.0086074,15929476.22,601.7390407
3003.T,1011.56366,5700,991.7476196,-112951.4282,-1.96,2022-05-06,2022-05-20,9,34.04925117,28.66893599,656.1956233,15816524.8,596.7632069
2181.T,190.6972046,49000,193.9202423,157928.8483,1.69,2022-05-17,2022-05-30,9,28.77774951,14.02585549,682.9191037,15974453.64,603.7204249
2201.T,3809.743652,1100,3853.589844,48230.81055,1.15,2022-05-20,2022-05-30,6,40.00001465,38.44701066,424.5469028,16022684.45,605.8451302
8002.T,1278.644897,7300,1294.528809,115952.5513,1.24,2022-05-18,2022-06-01,10,35.50661211,25.7784136,562.4457082,16138637.01,610.9531721
4516.T,7816.785156,600,7398.202637,-251149.5117,-5.35,2022-05-23,2022-06-02,8,32.92582038,20.43130437,562.272851,15887487.49,599.8893169
2670.T,1659.908081,10000,1793.185425,1332773.438,8.03,2022-05-30,2022-06-06,4,62.74506328,57.77896062,507.2684734,17220260.93,658.6018032
4205.T,1330.638306,7100,1320.062378,-75089.08691,-0.79,2022-06-01,2022-06-15,9,61.67741081,51.2094453,416.7484359,17145171.84,655.2939139
4507.T,6636.401367,1600,6284.111328,-563664.0625,-5.31,2022-06-06,2022-06-15,7,26.74985575,23.14415588,323.4060532,16581507.78,630.4628979
5423.T,1573.600098,5900,1461.74646,-659936.4624,-7.11,2022-06-07,2022-06-15,6,86.77858117,82.36811006,68.74936883,15921571.32,601.390807
8309.T,3627.713379,1600,3840.888428,341080.0781,5.88,2022-05-27,2022-06-20,15,20.05449279,14.7257318,417.3349101,16262651.4,616.4163612
6055.T,1823.132813,1300,2006.536621,238424.9512,10.06,2022-06-03,2022-06-27,16,26.16069461,18.39283562,513.4138181,16501076.35,626.919663
9503.T,1208.329468,2600,1269.126099,158071.2402,5.03,2022-06-16,2022-07-01,10,31.64833439,22.85898725,551.9665274,16659147.59,633.8831537
8113.T,4263.385254,2500,4477.650879,535664.0625,5.03,2022-06-21,2022-07-01,7,29.5961781,18.59637302,304.9472063,17194811.65,657.4806895
9759.T,2298.234375,1100,2433.424805,148709.4727,5.88,2022-06-27,2022-07-13,11,51.07143093,37.33666067,618.8221505,17343521.12,664.0317676
9684.T,5706.418457,1800,6137.091309,775211.1328,7.55,2022-06-23,2022-07-20,18,25.11630601,17.06852118,622.0211012,18118732.26,698.1820378
4732.T,2243.968262,4500,2475.640625,1042525.635,10.32,2022-06-24,2022-07-20,17,23.4034497,18.65080778,696.4332285,19161257.89,744.1082772
8410.T,247.9584351,300,246.0728302,-565.6814575,-0.76,2022-07-05,2022-07-20,11,91.76467827,88.3784268,24.13333852,19160692.21,744.0833573
8802.T,1877.577148,1400,1888.709839,15585.7666,0.59,2022-07-13,2022-07-22,7,40.72608827,35.32322623,329.4724716,19176277.98,744.769955
6670.T,913.3110352,8200,920.0691528,55416.56494,0.74,2022-07-20,2022-07-28,6,73.90419248,60.7037476,218.0993053,19231694.54,747.2112133
6724.T,1852.309692,7900,1915.949829,502757.0801,3.44,2022-07-04,2022-07-29,19,5.768670779,4.261946754,615.8895174,19734451.62,769.3591023
8876.T,2083.077637,2400,2150.019775,160661.1328,3.21,2022-07-22,2022-08-05,10,37.52663162,30.11118554,466.2460415,19895112.76,776.4366853
1812.T,1434.453613,3400,1357.32251,-262245.752,-5.38,2022-07-26,2022-08-05,8,43.25920672,33.54610427,579.8844786,19632867,764.884009
6055.T,1842.960327,4100,1903.43396,247941.8945,3.28,2022-07-21,2022-08-08,12,21.64672753,12.19060744,538.6652228,19880808.9,775.8065594
2413.T,4642.519043,3200,4658.428223,50909.375,0.34,2022-08-01,2022-08-09,6,61.59520383,44.54370845,490.5495843,19931718.27,778.0492631
8804.T,1873.356689,4000,1969.278809,383688.4766,5.12,2022-07-28,2022-08-12,11,71.22016863,66.92694853,351.8262136,20315406.75,794.9518392
4911.T,5591.126465,1000,5365.900879,-225225.5859,-4.03,2022-08-05,2022-08-22,11,51.17624483,35.73753296,557.3003362,20090181.16,785.0300072
4612.T,1060.470337,5900,1042.66394,-105057.7393,-1.68,2022-08-08,2022-08-23,11,30.73971105,23.73237074,603.8342486,19985123.42,780.401913
4523.T,5921.51709,1300,5590.338867,-430531.6895,-5.59,2022-08-12,2022-08-23,7,36.61538168,27.73757738,620.4936546,19554591.73,761.4357592
4151.T,3061.656006,6800,3076.375488,100092.4805,0.48,2022-08-10,2022-08-25,11,41.2106723,27.88907007,613.8309384,19654684.22,765.8451196
2281.T,2162.084229,100,2104.300049,-5778.417969,-2.67,2022-08-15,2022-08-29,10,20.27884632,16.92645458,615.644547,19648905.8,765.5905638
8570.T,1352.942017,5600,1367.273926,80258.69141,1.06,2022-08-30,2022-09-07,6,62.39615976,52.81522627,578.0303892,19729164.49,769.1261889
8354.T,2343.864014,4300,2337.250732,-28437.10938,-0.28,2022-08-25,2022-09-08,10,84.78257347,81.13537831,33.25497055,19700727.38,767.8734528
4768.T,4502.23291,1800,4274.209961,-410441.3086,-5.06,2022-09-08,2022-09-16,5,38.38172699,23.67191831,630.3433785,19290286.07,749.7923379
2801.T,8697.946289,900,8232.337891,-419047.5586,-5.35,2022-09-13,2022-09-16,3,37.24137741,25.81261927,645.971233,18871238.51,731.332093
5019.T,3245.989258,800,3033.370117,-170095.3125,-6.55,2022-09-20,2022-09-26,4,22.79570702,22.79470811,464.4727245,18701143.2,723.8389075
9983.T,27501.30273,300,26850.75586,-195164.0625,-2.37,2022-09-09,2022-09-27,11,22.44142782,15.31400238,685.9151125,18505979.14,715.2413717
9744.T,2254.45166,3600,2158.276611,-346230.1758,-4.27,2022-09-12,2022-09-28,12,13.40216497,8.606582814,659.2707387,18159748.96,699.988941
5021.T,3737.35498,2000,3539.661133,-395387.6953,-5.29,2022-09-15,2022-09-28,9,37.11537749,32.80972623,542.0430058,17764361.27,682.5709809
2897.T,9800.580078,300,9835.595703,10504.6875,0.36,2022-09-27,2022-10-06,6,35.25989429,22.13270373,503.1641947,17774865.95,683.0337424
4206.T,3009.979736,1200,3053.462646,52179.49219,1.44,2022-10-03,2022-10-12,6,45.18457231,39.14371683,432.8358347,17827045.45,685.3323985
8058.T,4091.979492,1200,3869.096191,-267459.9609,-5.45,2022-10-04,2022-10-13,7,25.66615719,13.88039903,624.7719007,17559585.48,673.5500214
6501.T,6277.418945,500,6419.930176,71255.61523,2.27,2022-09-29,2022-10-14,10,12.17028228,7.860790844,404.1510741,17630841.1,676.6890352
7202.T,1597.761353,5000,1625.424072,138313.5986,1.73,2022-10-05,2022-10-14,7,34.42806672,27.55972211,571.3827903,17769154.7,682.7821453
5401.T,2019.833862,9100,1986.090698,-307062.793,-1.67,2022-10-06,2022-10-21,11,42.03646187,24.97925082,551.0521839,17462091.91,669.25515
9843.T,12408.70898,600,13642.6416,740359.5703,9.94,2022-10-24,2022-10-28,4,48.97726779,42.87290493,266.4092874,18202451.48,701.8701091
3382.T,5497.84082,1900,5530.478027,62010.69336,0.59,2022-10-18,2022-11-01,10,36.64236506,26.11920606,584.3312765,18264462.17,704.6018577
2229.T,2925.570801,3600,2928.516113,10603.125,0.1,2022-11-01,2022-11-02,1,39.4410213,38.49188542,615.4456326,18275065.29,705.0689557
2784.T,1678.849609,4900,1567.9729,-543295.874,-6.6,2022-10-31,2022-11-04,4,43.03995019,30.22986136,416.7677229,17731769.42,681.1352168
9434.T,1396.668091,4800,1395.244507,-6833.203125,-0.1,2022-10-26,2022-11-14,13,50.55156393,43.71358773,246.2045682,17724936.22,680.8341946
7164.T,4724.64502,2200,4831.47168,235018.6523,2.26,2022-11-02,2022-11-14,8,50.95240629,43.74924831,533.5186112,17959954.87,691.1874392
4612.T,946.7072754,6600,1079.265991,874887.5244,14,2022-10-19,2022-11-15,19,14.79084056,9.015732536,305.2076958,18834842.39,729.7287398
4403.T,5340.602051,1400,5350.419434,13744.33594,0.18,2022-11-07,2022-11-15,6,56.74690139,33.20513274,392.3150866,18848586.73,730.3342172
3765.T,2101.858643,3300,2098.900879,-9760.620117,-0.14,2022-10-25,2022-11-16,16,13.58780519,11.43094009,211.5284962,18838826.11,729.9042339
8595.T,2104.118164,11600,2336.571289,2696456.25,11.05,2022-11-15,2022-11-28,9,42.98297593,38.79795176,515.593066,21535282.36,848.6908529
7186.T,435.2796631,8400,453.6174011,154036.9995,4.21,2022-11-17,2022-12-01,10,14.80000771,11.85117749,512.923084,21689319.36,855.4766238
9613.T,2049.713623,1900,2065.518555,30029.37012,0.77,2022-11-16,2022-12-02,12,51.46757206,39.34619861,543.9602464,21719348.73,856.7995035
7846.T,4798.095215,800,4626.734863,-137088.2813,-3.57,2022-11-18,2022-12-05,11,6.419342886,2.445259972,650.4692555,21582260.45,850.7603722
9432.T,95.42425537,36200,92.86669922,-92583.53271,-2.68,2022-11-21,2022-12-06,11,15.94131397,8.123362772,631.5404594,21489676.92,846.6818024
9984.T,5871.725098,1000,5682.186035,-189539.0625,-3.23,2022-12-06,2022-12-20,10,9.622212231,8.842020388,603.5044407,21300137.85,838.332064
6504.T,5476.927246,1300,5143.805176,-433058.6914,-6.08,2022-12-13,2022-12-20,5,16.79107001,11.60366239,588.3425831,20867079.16,819.2545886
7272.T,3196.672852,2400,3013.730713,-439061.1328,-5.72,2022-12-14,2022-12-20,4,35.78769913,32.12824935,665.1644687,20428018.03,799.9126885
5108.T,4863.404785,1300,4604.743652,-336259.4727,-5.32,2022-12-09,2022-12-21,8,10.50106704,8.407047045,661.4462362,20091758.56,785.0994959
3038.T,3832.078369,800,3673.029785,-127238.8672,-4.15,2022-12-22,2023-01-06,8,66.07638776,50.23258429,465.1683153,19964519.69,779.4942594
4189.T,2607.828857,1200,2586.159668,-26003.02734,-0.83,2022-12-26,2023-01-16,13,18.87366751,14.21348188,640.9593375,19938516.66,778.3487516
8303.T,2166.596924,2300,2281.989502,265402.9297,5.33,2023-01-05,2023-01-19,10,13.9121178,9.918598274,109.7358645,20203919.59,790.0405106
4183.T,2881.402344,1600,2870.78418,-16989.0625,-0.37,2023-01-06,2023-01-23,10,14.53171706,12.35112253,299.6511695,20186930.53,789.2920938
6702.T,17434.85156,300,18420.98633,295840.4297,5.66,2022-12-27,2023-01-30,20,25.4891053,18.21509526,646.6799686,20482770.96,802.3247118
9531.T,2419.729492,2500,2803.953369,960559.6924,15.88,2023-01-17,2023-02-01,8,28.43604657,23.45026307,365.4482429,21443330.65,844.6401168
6988.T,7494.250977,1000,7971.158203,476907.2266,6.36,2023-01-10,2023-02-02,14,8.625855955,5.803498934,661.6315812,21920237.88,865.6492457
2229.T,2863.721436,6000,2768.493164,-571369.6289,-3.33,2023-01-20,2023-02-03,7,15.69701119,9.41270192,540.5476609,21348868.25,840.4787775
4921.T,2606.825195,1700,2514.146729,-157553.3936,-3.56,2023-01-23,2023-02-06,8,58.80320447,47.69718048,489.5880404,21191314.85,833.5380993
9503.T,1199.062744,4700,1178.706787,-95672.99805,-1.7,2023-01-30,2023-02-13,10,45.86211062,37.36814391,538.4298739,21095641.86,829.3234298
6857.T,2360.993164,2600,2463.116455,265520.5566,4.33,2023-02-06,2023-02-15,7,75.41646046,70.39173678,294.8121578,21361162.41,841.0203706
4502.T,4074.384521,1700,4035.973633,-65298.51074,-0.94,2023-02-08,2023-02-24,12,65.96161675,49.82293158,487.967526,21295863.9,838.1437843
5076.T,963.5497437,13700,972.8775024,127790.2954,0.97,2023-02-16,2023-02-24,6,46.41079521,35.34963695,544.418675,21423654.2,843.7733127
6028.T,3344.360596,2900,3378.838623,99986.2793,1.03,2023-02-27,2023-03-01,2,10.35330081,8.745031401,627.5919779,21523640.48,848.1779946
7564.T,5303.607422,1500,5441.876465,207403.5645,2.61,2023-02-09,2023-03-02,15,28.2448275,18.13375878,542.2534653,21731044.04,857.3147155
1605.T,1441.961182,2500,1460.58606,46562.19482,1.29,2023-02-14,2023-03-09,17,57.34375128,42.89408449,595.7606581,21777606.24,859.3659135
1973.T,1588.255249,6300,1600.914429,79752.83203,0.8,2023-02-10,2023-03-13,21,24.64729016,19.15214758,514.1188528,21857359.07,862.8792541
6532.T,5436.970215,1900,5320.399902,-221483.5938,-2.14,2023-02-24,2023-03-14,12,47.78656572,46.3347086,537.3752662,21635875.47,853.1222676
5019.T,2962.039795,3000,2792.505127,-508604.0039,-5.72,2023-03-03,2023-03-14,7,14.27433753,8.488596997,654.4817118,21127271.47,830.7168049
7741.T,13163.53223,700,13566.64941,282182.0313,3.06,2023-03-01,2023-03-15,10,13.348571,9.795503919,633.3594019,21409453.5,843.1477314
9502.T,1406.805908,2600,1361.206055,-118559.6191,-3.24,2023-03-09,2023-03-24,11,59.19373671,46.29723843,483.4078934,21290893.88,837.9248407
4716.T,8774.974609,1100,9484.063477,779997.7539,8.08,2023-03-22,2023-03-29,5,16.14695497,15.88770879,329.7617865,22070891.64,872.2859752
6586.T,3310.169922,2900,3226.441895,-242811.2793,-2.53,2023-03-15,2023-03-30,11,17.98208549,13.0862375,547.1252498,21828080.36,861.5894431
7564.T,5609.774902,1600,5500,-175639.8438,-1.96,2023-03-23,2023-04-06,9,30.68467553,16.23848689,527.8704116,21652440.51,853.852005
1878.T,12678.40625,800,13159.3418,384748.4375,3.79,2023-03-29,2023-04-07,5,45.36642292,35.08665613,593.1788137,22037188.95,870.8012754
1802.T,984.5644531,9900,986.5336304,19494.85474,0.2,2023-03-30,2023-04-07,4,35.6129556,25.3554161,623.2134347,22056683.81,871.6600796
4061.T,2629.108154,1400,2606.153809,-32136.08398,-0.87,2023-03-27,2023-04-10,7,18.65984322,17.9313953,669.5392522,22024547.72,870.2443931
4819.T,4188.087402,2300,4515,751898.9746,7.81,2023-03-17,2023-04-11,14,16.53710454,9.602508514,22.31350574,22776446.7,903.3676959
6753.T,957,6600,963,39600,0.63,2023-04-11,2023-04-19,6,72.94794189,67.97628789,126.6316643,22816046.7,905.1121893
8697.T,2029.228394,9600,2110.832764,783401.9531,4.02,2023-04-07,2023-04-20,8,82.95698023,76.97993273,2.604254311,23599448.65,939.6232885
3563.T,3454.962646,1700,3256.686523,-337069.4092,-5.74,2023-04-13,2023-04-20,5,28.78374661,17.91904677,522.4157963,23262379.24,924.7744159
7550.T,3998.047607,1200,4277.212891,334998.3398,6.98,2023-04-10,2023-04-26,12,54.65941129,48.84192527,355.5125475,23597377.58,939.532052
4980.T,2556.807373,2500,2473.594971,-208031.0059,-3.25,2023-04-12,2023-04-26,10,36.11418774,27.16987528,106.7762147,23389346.57,930.3676905
2502.T,5013.284668,2200,5174.684082,355078.7109,3.22,2023-04-20,2023-04-27,5,80.04509704,73.33147328,327.8362304,23744425.29,946.0099245
6890.T,2997.987793,3200,3032.390869,110089.8438,1.15,2023-04-25,2023-05-01,3,23.08482244,17.86626907,395.5376535,23854515.13,950.8596973
3769.T,10681.84961,1100,10662.0498,-21779.78516,-0.19,2023-04-24,2023-05-11,12,14.06196982,12.40943577,431.4644754,23832735.34,949.9002354
4536.T,1081.694946,7100,1207.266479,891557.8857,11.61,2023-04-27,2023-05-12,10,32.96707463,24.90789159,585.1913492,24724293.23,989.1759132
6479.T,2500,3100,2511,34100,0.44,2023-04-28,2023-05-15,10,44.09812819,34.85704217,557.5438182,24758393.23,990.6781159
5332.T,4614.986816,3700,4536.01416,-292198.8281,-1.71,2023-05-01,2023-05-18,13,68.54628157,66.05548632,319.4953877,24466194.4,977.8059208
7167.T,344.5597839,400,326.7887878,-7108.398438,-5.16,2023-05-17,2023-05-24,5,76.57522226,71.76175415,121.1970019,24459086,977.4927755
2503.T,2120.372314,7900,2123.816895,27212.18262,0.16,2023-05-18,2023-05-24,4,45.91833853,37.45656438,609.9110602,24486298.19,978.6915501
4689.T,354.2999878,19200,348,-120959.7656,-1.78,2023-05-12,2023-05-26,9,20.02108485,16.30408689,564.8410838,24365338.42,973.362926
9101.T,3066.19043,4700,2886.376709,-845124.4873,-5.86,2023-05-15,2023-05-26,8,21.38393541,20.98179045,593.5964888,23520213.93,936.1327724
5857.T,1980.437988,3400,1862.217407,-401949.9756,-5.97,2023-05-16,2023-05-26,7,38.29271893,32.99661716,530.7686596,23118263.96,918.425725
7729.T,6050.174316,500,6168.805176,59315.42969,1.96,2023-05-29,2023-06-02,4,82.43074118,77.38484378,184.3283482,23177579.39,921.0387395
3064.T,1937.562012,5200,1872.346069,-339122.9004,-3.37,2023-06-02,2023-06-16,10,41.28632705,24.23408251,725.2603435,22838456.49,906.0994047
8020.T,1857.619385,5200,2024.178101,866105.3223,8.97,2023-06-09,2023-06-16,5,57.11817787,48.74858768,567.6574523,23704561.81,944.2538242
3288.T,5562.237305,1900,5357.632813,-388748.5352,-3.68,2023-06-05,2023-06-19,10,37.38981167,27.07906742,667.0192875,23315813.27,927.1283381
9432.T,162.9456329,60100,160.2627411,-161241.7999,-1.65,2023-06-06,2023-06-20,10,22.3958387,12.39394931,700.9664277,23154571.47,920.0251751
2702.T,5670,600,5800,78000,2.29,2023-06-01,2023-06-27,17,20.60606061,17.23636364,594.3886238,23232571.47,923.4612984
2327.T,4101.710938,2500,3972.91333,-321994.0186,-3.14,2023-06-16,2023-06-30,9,51.81352476,45.43504011,588.834487,22910577.46,909.2765399
1928.T,2709.938721,2500,2843.182373,333109.1309,4.92,2023-06-21,2023-07-06,10,21.88568886,16.75198598,54.9580964,23243686.59,923.9509509
4536.T,1233.962769,6300,1226.052734,-49833.21533,-0.64,2023-06-22,2023-07-06,10,27.1579577,16.46199844,696.6326334,23193853.37,921.7556551
6762.T,5688.919434,1700,5352.530762,-571860.7422,-5.91,2023-07-03,2023-07-07,4,54.89490284,38.66038663,506.8648263,22621992.63,896.5635519
9508.T,932.5999756,10200,892.5,-409019.751,-4.3,2023-06-28,2023-07-12,10,70.43961339,62.28142813,382.2079131,22212972.88,878.5450607
4716.T,10340,300,9921,-125700,-4.05,2023-07-13,2023-07-28,11,10.75305055,6.349667976,482.2415116,22087272.88,873.0076158
4587.T,1817.5,2300,1829,26450,0.63,2023-07-19,2023-08-01,9,3.854844105,3.168076774,680.8844296,22113722.88,874.172814
5713.T,4714.699219,700,4857.839844,100198.4375,3.04,2023-07-18,2023-08-02,11,42.21120638,26.20509526,681.6294057,22213921.32,878.5868421
3289.T,795.5939331,6800,808.4053955,87117.94434,1.61,2023-07-21,2023-08-03,9,16.59832589,10.5677571,691.9936342,22301039.26,882.424637
8804.T,1885,4800,1847,-182400,-2.02,2023-07-24,2023-08-07,10,40.76159962,25.02510492,566.6879061,22118639.26,874.3893947
7729.T,7780.208008,900,7799.97998,17794.77539,0.25,2023-07-31,2023-08-09,7,34.56310333,27.01258553,678.9421103,22136434.04,875.1733055
4980.T,3283.92749,1400,3297.796143,19416.11328,0.42,2023-08-07,2023-08-15,6,66.99601854,63.31586085,409.9184465,22155850.15,876.0286409
7550.T,7269.268066,600,6779.731445,-293721.9727,-6.73,2023-08-15,2023-08-16,1,45.31483438,40.04559207,570.7669856,21862128.18,863.0893469
7649.T,6401.70166,2700,6563.707031,437414.502,2.53,2023-08-01,2023-08-17,12,40.33135089,23.86251277,614.7128134,22299542.68,882.3587083
1959.T,4146.548828,1000,4220.682617,74133.78906,1.79,2023-08-08,2023-08-18,8,76.26208297,71.59215733,171.5606205,22373676.47,885.624514
9143.T,2106.661133,3400,2035.106567,-243285.5225,-3.4,2023-08-10,2023-08-25,11,35.82959428,20.57713113,439.5789749,22130390.94,874.9070901
9418.T,3279.71875,2800,3449.1875,474512.5,5.17,2023-08-04,2023-08-28,16,21.94690265,19.19095623,181.8255262,22604903.44,895.8107244
7167.T,393.4300232,100,398.6625671,523.2543945,1.33,2023-08-23,2023-08-30,5,90.44147487,86.29321518,68.83415712,22605426.7,895.8337753
4819.T,3785,2300,3775,-23000,-0.26,2023-08-22,2023-09-05,10,17.79009385,15.41768039,583.7457248,22582426.7,894.8205594
6670.T,1119,15800,1171,821600,4.65,2023-08-21,2023-09-06,12,59.37520882,56.61434365,533.0177813,23404026.7,931.014392
6857.T,4604.189941,4000,4299.15332,-1220146.484,-6.63,2023-09-06,2023-09-07,1,24.89361906,21.14894,79.06130699,22183880.21,877.2634456
4042.T,1830.96106,4600,1907.884033,353845.6787,4.2,2023-08-28,2023-09-08,9,56.03955592,39.14440972,612.2631368,22537725.89,892.8513609
6305.T,4313.127441,1800,4595.891113,508974.6094,6.56,2023-08-29,2023-09-08,8,44.32797757,33.45614357,531.030707,23046700.5,915.2731499
8273.T,3727,100,3820,9300,2.5,2023-08-30,2023-09-08,7,65.61285026,53.19768907,528.7715764,23056000.5,915.6828415
4528.T,2845.937988,9200,2857.769287,108847.9492,0.42,2023-09-12,2023-09-20,6,74.62484525,64.05572458,477.1934157,23164848.45,920.4779054
7453.T,1919,4500,1917,-9000,-0.1,2023-09-05,2023-09-21,12,55.28960087,43.63258444,589.107186,23155848.45,920.0814296
2531.T,1277.5,6700,1213,-432150,-5.05,2023-09-14,2023-09-22,6,33.19490326,23.47742575,514.080408,22723698.45,901.0439847
8601.T,905.0999756,100,856.4000244,-4869.995117,-5.38,2023-09-15,2023-10-02,10,95.01347851,94.52587504,25.03709771,22718828.46,900.8294474
9418.T,3330,2200,3160,-374000,-5.11,2023-09-25,2023-10-03,5,15.77747253,14.10179124,404.6080845,22344828.46,884.3536765
6544.T,2202,3700,2150,-192400,-2.36,2023-09-27,2023-10-12,10,28.13253012,25.28378935,680.4996703,22152428.46,875.8779056
6367.T,23305,200,22015,-258000,-5.54,2023-10-05,2023-10-20,11,11.13567572,9.143941768,283.7387058,21894428.46,864.5122668
4684.T,22895,200,21780,-223000,-4.87,2023-10-06,2023-10-23,10,13.53506614,8.745703643,651.6217457,21671428.46,854.6884783
1973.T,2038,2100,1972,-138600,-3.24,2023-10-10,2023-10-24,9,46.20699684,33.942348,675.6647304,21532828.46,848.5827514
8331.T,1135,4300,1065,-301000,-6.17,2023-10-12,2023-10-24,7,49.88150542,35.29836179,642.1643004,21231828.46,835.3228395
2327.T,4095,800,4470,300000,9.16,2023-10-25,2023-11-01,5,18.13730526,17.22267541,678.7863449,21531828.46,848.5386985
