STOCK,BUY PRICE,SHARES,SELL PRICE,NET GAIN,GAIN%,BUY DATE,SELL DATE,TOTAL DAYS ON MARKET,K,D,POTENTIAL,22700000,
3563.T,1856.579712,2500,2089.866943,583218.0786,12.57,2019-11-07,2019-11-13,4,60.42556065,52.94755842,572.6038286,23283218.08,0.025692426
6857.T,1126.633301,4000,1153.606079,107891.1133,2.39,2019-11-11,2019-11-19,6,54.24013039,47.01450311,510.6074111,23391109.19,0.030445339
3038.T,1652.78772,2800,1674.989258,62164.30664,1.34,2019-11-18,2019-11-27,7,71.7120038,62.14409961,409.9683056,23453273.5,0.033183855
8174.T,939.6896973,4900,1012.892761,358695.0134,7.79,2019-11-08,2019-12-03,17,26.30935152,18.12924787,428.5698861,23811968.51,0.048985397
7832.T,2110.219076,2200,2146.806641,80492.64323,1.73,2019-11-12,2019-12-03,15,33.44380831,31.97751276,505.2648402,23892461.16,0.052531328
4901.T,4841.787598,1000,4832.435059,-9352.539063,-0.19,2019-11-15,2019-12-10,17,55.72715516,43.82682965,439.1172645,23883108.62,0.052119322
3064.T,1505.90979,3000,1380.254272,-376966.5527,-8.34,2019-11-22,2019-12-13,15,37.57489172,31.60034,522.056405,23506142.06,0.035512866
1893.T,591.7142944,16600,600.5722656,147042.3218,1.5,2019-12-05,2019-12-16,7,32.1087526,18.71350469,586.8192287,23653184.39,0.041990502
7013.T,2340.981934,2000,2319.78418,-42395.50781,-0.91,2019-11-27,2019-12-18,15,27.10443265,20.45255018,681.6792111,23610788.88,0.040122858
4689.T,380.9404602,5300,426.5393066,241673.8861,11.97,2019-12-13,2019-12-26,7,21.82608472,14.52706158,560.5812647,23852462.76,0.050769285
2433.T,1613.197998,3600,1576.617676,-131689.1602,-2.27,2019-12-17,2020-01-08,13,31.62020469,27.76557994,645.1360032,23720773.6,0.044968
8876.T,2865.614502,1400,2917.803223,73064.20898,1.82,2019-12-26,2020-01-09,9,57.14278182,37.19270301,570.0573909,23793837.81,0.048186688
3141.T,3291.675537,1600,3310.896973,30754.29688,0.58,2019-12-20,2020-01-10,12,49.35061119,34.84839987,643.7941481,23824592.11,0.049541503
4848.T,2332.413818,1400,2341.632813,12906.5918,0.4,2019-12-27,2020-01-10,9,70.10571972,53.74290635,630.739836,23837498.7,0.050110075
7550.T,2390.777588,2200,2383.980469,-14953.66211,-0.28,2019-12-24,2020-01-16,14,21.06598325,16.71982745,625.7300928,23822545.04,0.049451323
6670.T,760.2775879,100,694.9616089,-6531.5979,-8.59,2020-01-14,2020-01-27,8,69.25885097,52.2856762,81.42066439,23816013.44,0.049163588
3626.T,2106.271973,2400,2071.691406,-82993.35938,-1.64,2020-01-09,2020-01-31,14,37.99990138,21.68636449,584.865011,23733020.08,0.045507493
9684.T,5352.646973,2500,5107.199219,-613619.3848,-4.59,2020-01-10,2020-02-03,14,49.99989938,34.6507085,587.4257615,23119400.7,0.018475802
8174.T,986.0019531,2700,1089.08374,278320.8252,10.45,2020-01-17,2020-02-07,13,17.17282294,17.03684842,623.4668323,23397721.52,0.030736631
1820.T,2002.620728,1300,1981.001343,-28105.2002,-1.08,2020-01-20,2020-02-12,15,46.05584403,35.49045139,655.9554916,23369616.32,0.029498516
9532.T,1684.993896,3200,1703.946533,60648.4375,1.12,2020-02-04,2020-02-17,9,5.364098008,3.184194218,557.0967334,23430264.76,0.032170254
1605.T,867.0077515,2000,876.2626343,18509.76563,1.07,2020-01-31,2020-02-18,12,8.734670599,7.578231136,455.7029287,23448774.52,0.032985662
7167.T,206.6744232,400,199.8422241,-2732.879639,-3.31,2020-01-29,2020-02-20,16,3.819765601,3.372156418,50.94536552,23446041.65,0.032865271
2587.T,4329.357422,700,3957.3396,-260412.4756,-8.59,2020-02-20,2020-02-27,5,56.27114231,46.20385922,403.646666,23185629.17,0.021393355
4901.T,5035.384277,2400,5044.736816,22446.09375,0.19,2020-02-19,2020-03-02,8,20.53678463,13.62087549,616.6108526,23208075.26,0.02238217
6869.T,6685.709961,700,6123.061035,-393854.248,-8.42,2020-03-02,2020-03-09,5,8.095197342,7.258567106,550.5685135,22814221.02,0.005031763
4523.T,7278.654297,700,6311.597656,-676939.6484,-13.29,2020-03-10,2020-03-13,3,20.30313106,16.31461858,595.6825992,22137281.37,-0.024789367
8591.T,1153.571777,2600,962.4373779,-496949.4385,-16.57,2020-03-17,2020-03-19,2,10.58420863,10.38654501,504.0921722,21640331.93,-0.046681413
9434.T,1180.77771,4000,1087.69397,-372334.9609,-7.88,2020-03-05,2020-03-24,13,42.24121362,27.64917674,617.2670698,21267996.97,-0.063083834
6702.T,8441.633789,200,9468.749023,205423.0469,12.17,2020-03-19,2020-03-30,7,9.847043784,8.597857243,620.5580711,21473420.01,-0.054034361
4768.T,3909.990479,500,4384.504395,237256.958,12.14,2020-03-23,2020-03-31,6,23.33571915,15.59007137,682.7468204,21710676.97,-0.043582512
4021.T,3329.386475,800,3439.798584,88329.6875,3.32,2020-03-25,2020-04-06,8,18.31444473,7.956570438,583.9148865,21799006.66,-0.039691337
9984.T,3675.363281,600,4238.393066,337817.8711,15.32,2020-03-24,2020-04-10,12,14.19246733,7.768878775,339.2545483,22136824.53,-0.024809492
8035.T,7071.147786,2100,7151.120443,167942.5781,1.13,2020-04-07,2020-04-15,4,63.78470534,55.71232113,18.23649024,22304767.11,-0.017411141
6920.T,5387.831543,800,5554.667969,133469.1406,3.1,2020-04-08,2020-04-15,3,78.77940718,69.39904174,73.69257086,22438236.25,-0.011531443
8174.T,1059.2052,100,1092.399536,3319.433594,3.13,2020-04-14,2020-04-27,9,25.01686029,18.06945454,95.8090477,22441555.68,-0.011385212
4188.T,574.4864502,200,524.3237915,-10032.53174,-8.73,2020-04-27,2020-05-01,2,33.47888948,21.32738422,265.6099181,22431523.15,-0.011827174
3880.T,1425.342529,2000,1403.266846,-44151.36719,-1.55,2020-04-10,2020-05-07,16,71.08494237,66.01794056,304.6886833,22387371.78,-0.013772168
4088.T,1352.817383,14300,1361.939575,130447.3511,0.67,2020-04-17,2020-05-07,12,67.71305425,62.87456893,261.5839302,22517819.14,-0.008025589
9069.T,766.5289917,100,770.1109009,358.190918,0.47,2020-04-23,2020-05-07,8,78.77843884,77.05548204,150.4724538,22518177.33,-0.008009809
8308.T,287.9202881,100,290.9583435,303.805542,1.06,2020-04-28,2020-05-13,9,48.32868409,37.40091021,355.7808358,22518481.13,-0.007996426
3923.T,860.9510498,13100,949.6883545,1162458.691,10.31,2020-05-07,2020-05-19,8,64.14197477,60.6912724,403.1306403,23680939.82,0.043213208
7956.T,3700.551758,900,3714.107422,12200.09766,0.37,2020-05-11,2020-05-21,8,31.53438366,21.1685966,522.2222289,23693139.92,0.043750657
4527.T,1603.815796,100,1642.637451,3882.165527,2.42,2020-05-15,2020-05-27,8,57.62713553,42.32714328,366.7720025,23697022.09,0.043921678
4519.T,4121.746094,3000,4640.643555,1556692.383,12.59,2020-05-19,2020-05-27,6,31.11017376,23.51846979,681.8874858,25253714.47,0.112498435
4523.T,7006.586426,1100,8088.596191,1190210.742,15.44,2020-05-08,2020-06-03,18,41.56619834,33.27165391,476.9595793,26443925.21,0.164930626
3167.T,879.5498047,100,895.5740967,1602.429199,1.82,2020-05-20,2020-06-03,10,75.1386361,71.32541117,279.2064843,26445527.64,0.165001218
4503.T,1645.873779,8600,1682.992065,319217.2607,2.26,2020-05-27,2020-06-04,6,41.67979636,31.1811196,604.6331719,26764744.9,0.179063652
4348.T,2651.250488,1200,2747.344971,115313.3789,3.62,2020-05-25,2020-06-08,10,30.2623238,23.63937082,667.8234167,26880058.28,0.184143537
6727.T,453.0955505,200,492.741394,7929.168701,8.75,2020-05-28,2020-06-08,7,86.14543591,83.26884196,176.4596747,26887987.45,0.184492839
6754.T,2097.350098,4200,2173.734619,320814.9902,3.64,2020-06-03,2020-06-12,7,48.81989627,31.43672131,397.7453608,27208802.44,0.198625658
7735.T,2337.55957,1400,2084.614502,-354123.0957,-10.82,2020-06-08,2020-06-15,5,40.47060374,31.28776089,585.3923668,26854679.34,0.183025522
8056.T,3167.230713,4600,3157.928955,-42788.08594,-0.29,2020-06-04,2020-06-25,14,79.6322727,66.94953294,380.8512935,26811891.26,0.181140584
3941.T,804.8257446,100,791.1846924,-1364.105225,-1.69,2020-06-05,2020-06-26,14,58.41736834,46.81425052,436.9796728,26810527.15,0.181080491
4716.T,10459.39355,400,11494.8916,414199.2188,9.9,2020-06-16,2020-07-14,18,30.72215353,25.56398334,562.5920232,27224726.37,0.199327153
4568.T,2846.074707,1500,2715.992188,-195123.7793,-4.57,2020-06-23,2020-07-14,13,26.39753205,24.42937023,664.7409818,27029602.59,0.190731392
9503.T,909.5128784,3000,944.3267822,104441.7114,3.83,2020-06-30,2020-07-20,13,15.45121071,10.57551807,392.5716713,27134044.3,0.195332348
6988.T,5468.35498,900,5477.46875,8202.392578,0.17,2020-07-03,2020-07-29,18,38.33327255,35.49905915,623.402346,27142246.7,0.195693687
5344.T,8023.304199,300,8947.556641,277275.7324,11.52,2020-06-26,2020-07-31,24,36.66668706,32.66670643,666.6618939,27419522.43,0.207908477
1417.T,1444.272705,3900,1310.677368,-521021.814,-9.25,2020-07-20,2020-07-31,9,53.91308458,47.0935397,407.2041202,26898500.61,0.184955974
7309.T,20759.25781,200,22021.18945,252386.3281,6.08,2020-07-21,2020-08-11,15,59.01278501,55.20908049,372.8713281,27150886.94,0.196074315
9143.T,2140.703613,2300,2215.651855,172380.957,3.5,2020-08-03,2020-08-12,7,80.20832431,72.45897972,191.0364688,27323267.9,0.203668189
2433.T,1156.261841,7400,1255.396484,733596.3623,8.57,2020-07-15,2020-08-14,22,27.14930121,17.13884106,603.7351209,28056864.26,0.23598521
9759.T,1818.27832,5100,1821.067139,14222.97363,0.15,2020-08-18,2020-08-25,5,38.06760583,31.46525347,549.096794,28071087.24,0.236611772
4519.T,4625.574707,1000,4554.020508,-71554.19922,-1.55,2020-08-04,2020-08-26,16,13.70273351,10.68239985,615.1872978,27999533.04,0.233459605
6544.T,1909.137085,2400,1850.394409,-140982.4219,-3.08,2020-08-05,2020-08-27,16,52.19883765,38.28499207,557.1781811,27858550.61,0.227248926
6432.T,1786.630737,2400,2001.653931,516055.6641,12.04,2020-08-11,2020-08-28,13,49.52380382,37.03525177,531.4124913,28374606.28,0.249982655
6383.T,3198.814453,1600,3143.380859,-88693.75,-1.73,2020-08-12,2020-09-02,15,40.00258228,36.9649252,614.5396477,28285912.53,0.246075442
4527.T,1691.164307,2600,1703.295898,31542.13867,0.72,2020-09-08,2020-09-11,3,57.48990001,52.07694386,332.8918826,28317454.67,0.247464963
4021.T,5297.010742,1700,5045.658691,-427298.4863,-4.75,2020-08-25,2020-09-15,15,30.22632558,18.21071708,357.6565873,27890156.18,0.228641241
5021.T,1480.974731,3300,1402.611694,-258598.0225,-5.29,2020-08-31,2020-09-23,17,51.98564799,45.32203002,411.6394172,27631558.16,0.217249258
2503.T,1863.893677,2600,1796.523804,-175161.6699,-3.61,2020-09-02,2020-09-25,17,49.09689485,35.21901794,205.3784302,27456396.49,0.209532885
9143.T,2260.152588,3800,2562.286621,1148109.326,13.37,2020-09-18,2020-09-25,5,35.83335324,23.39600875,619.9952554,28604505.81,0.260110388
8439.T,5109.956055,1000,5252.32373,142367.6758,2.79,2020-09-03,2020-09-30,19,17.24142573,10.99711988,352.0233572,28746873.49,0.266382092
6302.T,2271.728027,1900,2282.438965,20350.78125,0.47,2020-09-11,2020-10-06,15,52.07274281,41.98634853,578.7262869,28767224.27,0.267278602
8570.T,958.1339722,5400,1047.522583,482698.4985,9.33,2020-10-05,2020-10-13,6,63.186677,46.2661349,550.939643,29249922.77,0.288542853
7956.T,4301.961914,1500,4529.820801,341788.3301,5.3,2020-09-25,2020-10-15,12,27.56755749,18.31339157,564.6379272,29591711.1,0.303599608
8282.T,1305.097534,4900,1258.229126,-229655.2002,-3.59,2020-09-28,2020-10-19,13,24.27170317,12.88713177,614.9523333,29362055.9,0.293482639
8604.T,454.0074158,13900,441.2401428,-177465.094,-2.81,2020-09-29,2020-10-20,13,18.69273074,8.914795758,641.3331865,29184590.81,0.285664793
2317.T,449.5039978,12700,451.6265564,26956.49414,0.47,2020-10-13,2020-10-22,7,52.15260119,40.77948613,535.9717364,29211547.3,0.286852304
8020.T,1143.411011,3800,1083.185669,-228856.2988,-5.27,2020-10-06,2020-10-27,14,36.90725959,34.98290347,567.3739925,28982691,0.276770529
3765.T,2132.354736,2000,2436.427002,608144.5313,14.26,2020-10-21,2020-10-27,3,33.52054799,27.07361449,527.1162172,29590835.53,0.303561037
1911.T,1552.158936,4200,1481.36499,-297334.5703,-4.56,2020-10-19,2020-11-10,15,62.79130585,51.11535176,91.91912354,29293500.96,0.290462597
2371.T,2772.808594,1800,3189.914795,750791.1621,15.04,2020-11-05,2020-11-10,3,37.47866259,29.24714117,625.2043175,30044292.12,0.323537098
7747.T,3233.743164,1700,3243.602295,16760.52246,0.3,2020-11-02,2020-11-18,12,32.75864262,24.39985729,585.2665238,30061052.65,0.324275447
6920.T,8963.579102,600,10016.38184,631681.6406,11.75,2020-11-04,2020-11-25,15,44.1290436,37.7997893,597.5873195,30692734.29,0.352102832
6967.T,1758.762573,3500,2058.043701,1047483.948,17.02,2020-11-10,2020-11-25,11,30.25354759,22.98034409,667.0733582,31740218.24,0.398247499
6902.T,1029.830688,5700,1031.017334,6763.879395,0.12,2020-11-11,2020-11-25,10,59.97341223,47.0232505,526.9266504,31746982.11,0.398545468
8354.T,1610.408325,4400,1653.908936,191402.6855,2.7,2020-10-23,2020-11-30,25,22.52931424,16.13502258,686.1847029,31938384.8,0.406977304
6752.T,1048.980591,100,1066.276489,1729.589844,1.65,2020-11-27,2020-12-03,4,90.61058681,88.55226818,94.75953821,31940114.39,0.407053497
7974.T,4497.823242,1200,4705.275391,248942.5781,4.61,2020-11-19,2020-12-04,11,28.09679112,24.94156361,167.5915716,32189056.97,0.418020131
4205.T,1234.720337,15500,1300.397217,1017991.638,5.32,2020-11-26,2020-12-10,10,50.2462968,34.42437945,502.8555957,33207048.61,0.462865577
2531.T,1129.572876,1300,1147.078369,22757.14111,1.55,2020-12-02,2020-12-15,9,76.42934881,74.060706,319.5482163,33229805.75,0.463868095
7203.T,1367.53064,4200,1460.758667,391557.7148,6.82,2020-12-09,2020-12-21,8,45.26254158,36.66331337,513.9029134,33621363.46,0.481117333
9983.T,28504.32422,200,27482.12695,-204439.4531,-3.59,2020-12-01,2020-12-22,15,78.90170464,71.31326075,321.043563,33416924.01,0.47211119
2702.T,5065.384277,4000,4944.885742,-481994.1406,-2.38,2020-12-11,2021-01-06,16,33.14290723,21.3131504,531.3188463,32934929.87,0.450877968
1721.T,2860.195313,500,2932.376953,36090.82031,2.52,2020-12-16,2021-01-08,15,50.00007157,39.86275135,614.2866911,32971020.69,0.452467872
2670.T,1430.424561,4100,1498.91626,280815.9668,4.79,2020-12-23,2021-01-08,10,13.64505074,9.751866854,585.9667314,33251836.66,0.464838619
6506.T,4852.060059,1100,5772.112793,1012058.008,18.96,2020-12-24,2021-01-14,13,34.53328313,26.55587133,674.1031257,34263894.66,0.509422672
8306.T,398.2861023,100,436.8872986,3860.119629,9.69,2020-12-18,2021-01-18,19,15.13506493,13.3504548,512.562432,34267754.78,0.509592722
7729.T,4383.021484,3100,4624.535645,748693.8965,5.51,2021-01-06,2021-01-18,8,40.63824299,39.21263298,652.5563827,35016448.68,0.542574832
5411.T,929.3825684,15300,857.1727295,-1104810.535,-7.77,2021-01-08,2021-01-18,6,48.53821804,30.99927984,624.3172141,33911638.14,0.493904764
9684.T,6061.228027,1000,5603.056152,-458171.875,-7.56,2021-01-14,2021-01-21,5,32.17394508,20.18183003,608.141825,33453466.27,0.473720981
2379.T,2416.882568,2000,2725.299561,616833.9844,12.76,2021-01-22,2021-01-29,5,28.89099749,16.91609212,688.6401786,34070300.25,0.500894284
3635.T,2168.615967,2500,2244.390869,189437.2559,3.49,2021-01-25,2021-02-03,7,23.14463933,18.39203533,741.15969,34259737.51,0.509239538
3116.T,1549.015015,2900,1727.995972,519044.7754,11.55,2021-01-21,2021-02-08,12,48.53203776,39.80591908,618.6022134,34778782.29,0.532104947
1959.T,2946.226074,2200,3239.018799,644143.9941,9.94,2021-01-27,2021-02-12,11,33.12810356,31.90762665,539.7082808,35422926.28,0.560481334
3107.T,1601.055542,3500,1457.463013,-502573.8525,-8.97,2021-02-03,2021-02-19,10,20.75862225,17.36889495,628.35551,34920352.43,0.538341517
3549.T,8318.482422,1100,8407.609375,98039.64844,1.07,2021-02-01,2021-02-24,15,8.867290707,8.17136437,513.0456775,35018392.08,0.542660444
9104.T,681.8705444,12400,792.8995972,1376760.254,16.28,2021-02-02,2021-02-25,15,21.54696289,15.03523734,497.4961944,36395152.33,0.603310675
6005.T,5974.774414,1200,5318.418945,-787626.5625,-10.99,2021-02-15,2021-02-26,9,65.64570113,50.31618171,536.7543786,35607525.77,0.56861347
6976.T,5559.340332,900,5007.214844,-496912.9395,-9.93,2021-02-22,2021-02-26,4,36.19997419,29.67021966,562.4342389,35110612.83,0.546723032
8078.T,2679.299316,1800,2613.572021,-118309.1309,-2.45,2021-02-08,2021-03-03,15,46.93067925,29.04548194,575.7870639,34992303.7,0.541511176
6323.T,7490.086426,400,6803.821777,-274505.8594,-9.16,2021-03-01,2021-03-08,5,28.26565231,27.75462676,642.3397526,34717797.84,0.529418407
2587.T,3771.947021,500,3805.496582,16774.78027,0.89,2021-03-05,2021-03-15,6,55.80304778,36.81138174,534.816556,34734572.62,0.530157384
4506.T,1829.506836,1200,1978.231567,178469.6777,8.13,2021-03-09,2021-03-18,7,53.17550656,35.2468176,620.565035,34913042.3,0.538019484
3407.T,1076.704224,1400,1247.926147,239710.6934,15.9,2021-03-03,2021-03-19,12,23.23739481,17.83728468,568.8802301,35152752.99,0.548579427
4812.T,3623.075684,5300,3920.206299,1574792.261,8.2,2021-02-25,2021-03-23,18,56.53544288,48.3160985,459.6944114,36727545.25,0.617953535
2371.T,3104.5979,800,2853.385986,-200969.5313,-8.09,2021-03-18,2021-03-24,4,24.1244542,21.2869239,641.142084,36526575.72,0.609100252
8698.T,976.6026611,1800,866.2203369,-198688.1836,-11.3,2021-03-19,2021-03-24,3,45.73814306,28.61800224,731.1927484,36327887.53,0.600347468
8282.T,1335.741821,2500,1386.215332,126183.7769,3.78,2021-03-11,2021-03-25,10,37.50001913,27.24732789,590.7635864,36454071.31,0.605906225
2264.T,5632.214355,1300,5755.693359,160522.7051,2.19,2021-03-25,2021-03-30,3,93.5616036,90.31065351,12.87194522,36614594.02,0.61297771
4819.T,4154.975098,2000,4548.695801,787441.4063,9.48,2021-03-15,2021-04-06,13,50.14709284,32.7238818,639.6629933,37402035.42,0.647666759
9107.T,652.045105,500,731.1921387,39573.51685,12.14,2021-04-02,2021-04-08,2,68.87639515,68.85842433,394.3037171,37441608.94,0.649410085
8088.T,6607.273438,1100,6651.479004,48626.12305,0.67,2021-03-26,2021-04-09,7,80.46337828,74.75936419,99.59586132,37490235.06,0.651552205
4183.T,3307.51709,2300,3316.820801,21398.53516,0.28,2021-04-09,2021-04-15,4,41.08929027,37.97261149,581.1496698,37511633.6,0.652494872
3880.T,1874.680908,3700,1882.913818,30461.76758,0.44,2021-03-29,2021-04-19,12,17.88588579,9.597313651,651.2489499,37542095.37,0.6538368
8283.T,5727.86377,2400,5593.76709,-321832.0313,-2.34,2021-03-30,2021-04-20,12,48.84050034,38.5749774,476.3197779,37220263.33,0.639659178
1414.T,4732.046387,1900,4402.237305,-626637.2559,-6.97,2021-04-07,2021-04-28,15,72.10862427,63.36906776,310.3263702,36593626.08,0.612054012
9513.T,1651.995361,100,1517.708862,-13428.6499,-8.13,2021-04-13,2021-05-06,17,33.82326815,31.79261409,528.1251835,36580197.43,0.611462442
8273.T,4288.51123,1700,3942.437744,-588324.9268,-8.07,2021-04-15,2021-05-12,19,50.56583239,41.30647485,655.3629401,35991872.5,0.585545044
6967.T,3311.127441,900,3029.122803,-253804.1748,-8.52,2021-05-07,2021-05-12,3,46.28300055,35.34206472,665.6193672,35738068.33,0.574364243
6302.T,2892.720215,800,2952.128662,47526.75781,2.05,2021-05-06,2021-05-17,7,42.76926003,40.28080537,462.9559566,35785595.08,0.576457933
1861.T,2756.9021,3800,2743.208984,-52033.83789,-0.5,2021-04-22,2021-05-19,18,34.60905341,25.28064493,704.4092433,35733561.25,0.574165694
7974.T,5257.151855,900,5640.75,345238.3301,7.3,2021-05-10,2021-06-01,15,27.51551737,19.22966357,550.2846709,36078799.58,0.589374431
6586.T,4709.893066,1900,4997.260254,545997.6563,6.1,2021-05-20,2021-06-07,12,23.84611973,19.94529536,644.9283751,36624797.23,0.613427191
6273.T,60963.30469,100,63366.94531,240364.0625,3.94,2021-05-14,2021-06-08,16,20.30260906,16.60513303,575.6110343,36865161.3,0.624015916
3563.T,4638.006836,1600,4667.330566,46917.96875,0.63,2021-05-18,2021-06-08,14,23.69213846,17.09343889,645.9830502,36912079.26,0.626082787
7735.T,4244.759766,2000,4647.12793,804736.3281,9.48,2021-05-21,2021-06-09,13,12.99871933,11.60230007,645.8035927,37716815.59,0.661533727
6532.T,3317.899658,1500,3598.078125,420267.7002,8.44,2021-06-01,2021-06-09,6,71.40728509,67.50672517,371.5244635,38137083.29,0.680047722
2871.T,2738.198242,5100,2784.802002,237679.1748,1.7,2021-06-08,2021-06-18,7,57.94425004,44.97247697,342.1402277,38374762.47,0.69051817
5423.T,1071.655762,13700,986.4849854,-1166839.636,-7.95,2021-06-11,2021-06-21,5,31.81111258,25.08112415,388.8456157,37207922.83,0.639115543
4689.T,531.4561157,100,535.1980591,374.1943359,0.7,2021-06-16,2021-06-22,4,78.79032729,74.86296467,92.21009965,37208297.03,0.639132028
2264.T,5533.204102,1700,5600.918457,115114.4043,1.22,2021-06-07,2021-06-30,16,19.34418452,11.86147661,460.1049082,37323411.43,0.644203147
3291.T,2665.419434,2600,2435.891846,-596771.7285,-8.61,2021-06-24,2021-07-08,9,42.01923596,34.8600142,481.3077696,36726639.7,0.617913643
8316.T,3468.73999,2100,3383.552002,-178894.7754,-2.46,2021-06-22,2021-07-13,14,22.32872687,18.30995835,327.0563406,36547744.93,0.610032816
7269.T,4532.499023,1500,4365.862793,-249954.3457,-3.68,2021-06-25,2021-07-16,14,54.81599275,39.32852768,578.3466853,36297790.58,0.599021611
8591.T,1757.849854,3800,1721.361084,-138657.3242,-2.08,2021-06-28,2021-07-19,14,47.0287544,39.05854625,557.6560255,36159133.26,0.592913359
8804.T,1509.71582,6300,1544.111938,216695.5444,2.28,2021-07-02,2021-07-26,16,19.07295763,13.08433921,371.0149497,36375828.8,0.602459419
3186.T,2211.370117,3800,2236.017578,93660.35156,1.11,2021-07-26,2021-07-27,1,92.61322779,92.48717469,6.122729476,36469489.15,0.606585425
3289.T,607.9299927,10500,568.9482422,-409308.3801,-6.41,2021-07-12,2021-08-04,17,11.72398991,11.45007421,615.7966968,36060180.77,0.588554219
9107.T,1064.028687,300,1149.203247,25552.36816,8,2021-08-02,2021-08-11,7,43.12591944,27.42987625,650.7754891,36085733.14,0.589679874
4543.T,4149.651367,4100,4254.125977,428345.8984,2.52,2021-07-27,2021-08-13,13,16.14435824,10.83050958,648.4316494,36514079.04,0.608549737
8601.T,536.9941406,8900,544.7021484,68601.26953,1.44,2021-07-13,2021-08-16,24,19.67716814,11.73217545,689.5448917,36582680.31,0.61157182
4848.T,2233.884033,100,2049.47876,-18440.52734,-8.25,2021-08-11,2021-08-16,3,42.07325804,25.24555728,590.4876753,36564239.78,0.610759462
8088.T,6118.973633,1300,5702.650879,-541219.5801,-6.8,2021-07-29,2021-08-20,16,27.6666593,22.24615673,537.1217738,36023020.2,0.586917189
4151.T,3311.115723,1800,3833.160156,939679.9805,15.77,2021-08-05,2021-09-06,22,9.91746004,8.184826758,596.522963,36962700.18,0.628312783
1973.T,1905.647217,2700,2027.623657,329336.3892,6.4,2021-08-23,2021-09-06,10,77.21067066,67.53917327,320.5078776,37292036.57,0.642820994
6724.T,2084.039795,7700,2172.005615,677336.8164,4.22,2021-09-06,2021-09-15,7,71.50390404,53.12914934,489.9616083,37969373.39,0.672659621
1878.T,11082.72852,700,12247.41602,815281.25,10.51,2021-08-18,2021-09-17,22,7.613168119,6.229442484,501.681813,38784654.64,0.708575094
6134.T,2575.263428,3000,2862.426514,861489.2578,11.15,2021-08-30,2021-09-17,14,40.8756417,27.50155508,504.0257423,39646143.89,0.746526163
9064.T,2738.787354,2100,2755.946777,36034.79004,0.63,2021-08-24,2021-09-22,20,8.341612421,5.459774276,617.3735938,39682178.68,0.748113598
4689.T,726.8255005,35000,732.8323364,210239.2578,0.83,2021-09-17,2021-09-27,5,85.29945585,78.60968024,309.8087815,39892417.94,0.75737524
4568.T,3013.318359,3600,2895.465088,-424271.7773,-3.91,2021-09-24,2021-10-15,13,84.66871661,80.3067947,279.1752009,39468146.16,0.738684853
4921.T,3667.115967,1900,3350.564941,-601446.9482,-8.63,2021-10-08,2021-10-21,8,28.56658083,19.49303457,596.0705057,38866699.22,0.712189393
4816.T,20217.44336,300,17954.73438,-678812.6953,-11.19,2021-10-15,2021-10-26,7,22.5927331,18.93995146,703.8845181,38187886.52,0.68228575
1719.T,728.4063721,30000,706.5541992,-655565.1855,-3,2021-10-06,2021-10-27,14,23.18372345,19.78050374,376.0358268,37532321.34,0.653406226
4527.T,1668.197998,100,1687.852783,1965.478516,1.18,2021-10-11,2021-10-28,12,18.64374848,14.24895466,707.1946997,37534286.81,0.653492811
9509.T,485.7606812,4100,441.0072937,-183488.8885,-9.21,2021-10-26,2021-10-29,3,20.16420672,18.40548498,215.5968419,37350797.93,0.6454096
5947.T,3893.873047,1100,3945.921875,57253.71094,1.34,2021-10-19,2021-11-16,20,14.28450461,9.287067816,636.9272533,37408051.64,0.64793179
2201.T,3908.494873,2200,3622.855469,-628406.6895,-7.31,2021-11-01,2021-11-24,17,30.80808749,14.91566875,549.6093514,36779644.95,0.620248676
9697.T,3143.736328,2500,2859.186523,-711374.5117,-9.05,2021-11-12,2021-11-24,8,42.83879062,40.42834515,476.3460326,36068270.44,0.588910592
7270.T,2137.38501,3900,2150.549805,51342.7002,0.62,2021-11-04,2021-11-26,16,70.05814393,68.19081977,380.4945407,36119613.14,0.591172385
5021.T,2126.515137,3800,2041.236938,-324057.1533,-4.01,2021-11-11,2021-12-03,16,14.7977348,10.38999654,639.9361301,35795555.98,0.576896739
6055.T,1556.380249,6000,1761.476929,1230580.078,13.18,2021-12-01,2021-12-09,6,30.61008908,23.39100311,665.2594342,37026136.06,0.631107315
4716.T,10375.34863,400,10230.57617,-57908.98438,-1.4,2021-11-19,2021-12-13,16,50.13342384,35.75560704,519.1000081,36968227.08,0.628556259
3626.T,3350.410889,2200,3355.266357,10682.03125,0.14,2021-12-13,2021-12-15,2,55.28357421,52.77920577,525.7078022,36978909.11,0.629026833
3254.T,1717.484741,3100,1834.28125,362069.1772,6.8,2021-11-25,2021-12-20,17,30.08748076,20.75661635,530.5849025,37340978.28,0.644977017
8113.T,4826.470215,1600,4881.629883,88255.46875,1.14,2021-12-15,2021-12-21,4,66.39609415,59.99597449,397.1735482,37429233.75,0.648864923
4716.T,10346.39453,600,8937.277344,-845470.3125,-13.62,2021-12-16,2021-12-22,4,31.96199243,26.6085503,292.990529,36583763.44,0.611619535
1878.T,11963.66699,800,11852.5498,-88893.75,-0.93,2021-12-03,2021-12-27,15,13.54298422,6.137418488,460.4572907,36494869.69,0.607703511
6841.T,2099.656006,3500,2035.559448,-224337.9517,-3.05,2021-12-07,2021-12-28,14,19.5197588,12.26307411,592.6704517,36270531.74,0.597820781
3774.T,2289.834473,1000,2094.747559,-195086.9141,-8.52,2021-12-28,2022-01-06,7,23.69498923,19.93201407,616.7445011,36075444.83,0.589226644
4612.T,1254.267578,3700,1082.962646,-633828.2471,-13.66,2022-01-04,2022-01-11,5,36.49687146,28.30312254,387.5328936,35441616.58,0.561304695
2782.T,3109.550781,4500,3095.352295,-63893.18848,-0.46,2021-12-21,2022-01-12,15,8.817996406,6.130227986,80.19531765,35377723.39,0.558490017
7164.T,4700.331543,700,4846.773926,102509.668,3.12,2021-12-23,2022-01-19,18,18.0854641,15.87522516,165.9263608,35480233.06,0.563005862
2331.T,762.2095337,3700,694.9556885,-248839.2273,-8.82,2021-12-29,2022-01-19,15,10.50334362,9.679233141,438.321278,35231393.83,0.552043781
3861.T,545.7325439,6000,558.0493774,73901.00098,2.26,2022-01-12,2022-01-19,5,64.6865241,49.65911065,92.69193908,35305294.83,0.555299332
9513.T,1376.057129,3200,1381.57959,17671.875,0.4,2022-01-17,2022-01-21,4,37.69912601,27.70766133,541.4491606,35322966.71,0.556077828
7974.T,4682.864258,1700,4973.513184,494103.1738,6.21,2022-01-20,2022-02-04,8,38.82606591,24.50789832,526.2436956,35817069.88,0.577844488
8410.T,227.7503052,40000,228.6723633,36882.32422,0.4,2022-01-28,2022-02-15,9,53.63153928,48.41721649,508.8350879,35853952.2,0.57946926
6724.T,1717.736694,4900,1755.676758,185906.311,2.21,2022-02-04,2022-02-16,8,12.80476361,8.274406101,645.7545945,36039858.52,0.587658965
2801.T,8558.524414,1600,8844.46582,457506.25,3.34,2022-01-24,2022-02-18,16,12.90045748,8.235556446,559.7647536,36497364.77,0.607813426
5393.T,2417.516602,1800,2386.761475,-55359.22852,-1.27,2022-01-31,2022-02-22,13,17.17712574,15.05389187,501.2797379,36442005.54,0.605374693
7956.T,2117.592285,8400,1944.592651,-1453196.924,-8.17,2022-02-16,2022-02-24,6,39.6452748,30.01063584,309.234953,34988808.61,0.541357208
6902.T,1804.931274,100,1732.588867,-7234.240723,-4.01,2022-02-02,2022-02-25,16,13.63458938,9.899380955,597.9372842,34981574.37,0.541038519
5714.T,5153.103516,600,5993.820801,504430.3711,16.31,2022-02-28,2022-03-03,3,44.5062679,33.77445913,519.2071336,35486004.74,0.563260121
7550.T,2730.475342,1200,2731.462402,1184.472656,0.04,2022-03-01,2022-03-10,7,49.30560605,41.97230885,440.6927478,35487189.22,0.5633123
2384.T,3155.632813,800,3263.266846,86107.22656,3.41,2022-02-25,2022-03-22,17,30.77307892,17.8424982,589.7449843,35573296.44,0.56710557
5020.T,430.7121582,23000,433.042572,53599.51782,0.54,2022-03-03,2022-03-30,19,42.87627136,29.83076271,480.5157933,35626895.96,0.569466782
8331.T,661.2124634,23300,722.9538574,1438574.481,9.34,2022-03-10,2022-03-30,14,11.67664871,8.799083231,520.704691,37065470.44,0.632840108
4202.T,748.914978,100,769.7954712,2088.049316,2.79,2022-03-15,2022-04-01,13,15.0326763,9.669114048,566.5330549,37067558.49,0.632932092
5334.T,1709.205322,4400,1791.408325,361693.2129,4.81,2022-03-14,2022-04-04,15,17.63979209,10.16370407,643.275953,37429251.7,0.648865714
4921.T,2805.124512,900,2535.234131,-242901.3428,-9.62,2022-03-22,2022-04-12,14,24.88880776,18.10858112,613.5766971,37186350.36,0.638165214
9434.T,1360.936646,6200,1366.004517,31420.80078,0.37,2022-04-08,2022-04-19,5,63.15244675,59.67973034,425.3401446,37217771.16,0.63954939
3349.T,12856.37109,100,11766.84863,-108952.2461,-8.47,2022-04-14,2022-04-19,1,10.83258334,6.929719371,612.1352795,37108818.92,0.634749732
4307.T,4113.873535,6400,3893.224854,-1412151.563,-5.36,2022-04-04,2022-04-25,12,59.8340276,52.93607385,463.8619268,35696667.35,0.572540412
9503.T,1118.084839,800,1127.584229,7599.511719,0.85,2022-04-13,2022-04-27,8,50.17572708,43.67815835,388.2994323,35704266.87,0.572875192
8058.T,4279.173828,800,3907.977783,-296956.8359,-8.67,2022-04-19,2022-05-10,13,51.21694806,39.82183103,629.840195,35407310.03,0.559793393
2433.T,1484.165527,2200,1350.552124,-293949.4873,-9,2022-04-20,2022-05-13,15,41.60490805,33.53873507,666.9668863,35113360.54,0.546844077
4183.T,2817.299316,1100,2943.940918,139305.7617,4.5,2022-04-21,2022-05-17,16,22.64334343,18.08918388,645.9793698,35252666.3,0.552980894
4812.T,3630.797607,4600,3917.567139,1319139.844,7.9,2022-04-26,2022-05-20,16,24.46155427,19.99232081,617.5589569,36571806.15,0.611092782
2181.T,190.6971893,19900,193.9202423,64138.75427,1.69,2022-05-17,2022-05-30,9,28.77774225,14.02585365,682.9191124,36635944.9,0.613918278
2201.T,3809.743652,4700,3853.589844,206077.0996,1.15,2022-05-20,2022-05-30,6,40.00001465,38.44701066,424.5469028,36842022,0.622996564
4704.T,7085.436523,1200,7104.955566,23422.85156,0.28,2022-04-28,2022-06-02,23,51.54001328,33.13637474,708.932036,36865444.85,0.624028408
7733.T,2735.512695,900,2760.335938,22340.91797,0.91,2022-05-13,2022-06-03,14,48.17548469,33.3589114,209.0086074,36887785.77,0.625012589
2670.T,1659.908081,13300,1771.982056,1490583.862,6.75,2022-05-30,2022-06-09,7,62.74506328,57.77896062,507.2684734,38378369.63,0.690677076
8002.T,1278.64502,2900,1309.010986,88061.30371,2.37,2022-05-18,2022-06-13,17,35.50662362,25.77840492,562.4467374,38466430.94,0.694556429
4005.T,515.539917,100,508.8938599,-664.6057129,-1.29,2022-06-01,2022-06-22,14,23.33337068,17.12823407,397.1876365,38465766.33,0.694527151
6055.T,1823.132813,6000,1920.287354,582927.2461,5.33,2022-06-03,2022-06-30,19,26.16069461,18.39283562,513.4138181,39048693.58,0.720206766
9069.T,812.4977417,100,834.3544312,2185.668945,2.69,2022-06-06,2022-06-30,18,29.3784661,27.77394989,38.57628433,39050879.25,0.72030305
9503.T,1208.32959,22600,1269.126099,1374001.099,5.03,2022-06-16,2022-07-01,10,31.64833439,22.85896811,551.9665102,40424880.34,0.780831733
3861.T,556.0090942,100,534.9190674,-2109.002686,-3.79,2022-06-21,2022-07-12,14,55.19049646,43.99095986,47.65000231,40422771.34,0.780738826
9432.T,60.38326645,1000,59.15620804,-1227.058411,-2.03,2022-06-23,2022-07-14,14,36.01512359,22.49862837,188.3132706,40421544.28,0.78068477
7167.T,251.2372894,100,253.1405792,190.3289795,0.76,2022-07-14,2022-07-19,3,68.44441959,63.28999799,332.7838014,40421734.61,0.780693155
6724.T,1852.309692,21700,1915.949707,1380988.318,3.44,2022-07-04,2022-07-29,19,5.768683856,4.261955994,615.8895717,41802722.93,0.841529645
8410.T,247.9584656,300,248.9012451,282.8338623,0.38,2022-07-05,2022-07-29,18,91.76470147,88.37842873,24.13308011,41803005.76,0.841542104
8593.T,581.6636353,100,604.1072388,2244.360352,3.86,2022-07-13,2022-08-01,13,42.14298517,32.95244815,286.9401357,41805250.12,0.841640975
2413.T,4642.519043,6800,4658.428223,108182.4219,0.34,2022-08-01,2022-08-09,6,61.59520383,44.54370845,490.5495843,41913432.55,0.84640672
3402.T,723.4216309,100,748.8861084,2546.447754,3.52,2022-07-21,2022-08-19,21,52.51009978,42.44588923,492.2514474,41915978.99,0.846518898
7947.T,3333.055908,100,3372.15332,3909.741211,1.17,2022-08-05,2022-08-23,12,79.45462163,73.80219353,302.6888622,41919888.74,0.846691134
4922.T,12162.78613,800,13470.18652,1045920.313,10.75,2022-08-04,2022-08-24,14,24.53537739,14.39080646,411.8191922,42965809.05,0.892766918
4151.T,3061.655762,10300,3076.375488,151613.1836,0.48,2022-08-10,2022-08-25,11,41.21065441,27.8890668,613.8310783,43117422.23,0.899445913
9434.T,1395.029053,100,1397.793457,276.4404297,0.2,2022-08-12,2022-08-26,10,39.86755141,28.83430402,551.2064408,43117698.67,0.899458091
8570.T,1352.941895,200,1367.273926,2866.40625,1.06,2022-08-30,2022-09-07,6,62.3961854,52.815254,578.030083,43120565.08,0.899584365
2331.T,644.9177246,200,628.269043,-3329.736328,-2.58,2022-08-19,2022-09-09,15,16.98919455,15.56984571,494.9260247,43117235.34,0.89943768
8354.T,2343.864014,18200,2369.371582,464237.7441,1.09,2022-08-25,2022-09-09,11,84.78254535,81.13534067,33.25523796,43581473.09,0.919888682
2801.T,8697.946289,1300,7984.674805,-927252.9297,-8.2,2022-09-13,2022-09-22,7,37.24137741,25.81261927,645.971233,42654220.16,0.879040536
4206.T,3051.908936,100,3058.293701,638.4765625,0.21,2022-09-08,2022-09-29,14,63.45945456,49.58077495,449.5409874,42654858.63,0.879068662
9983.T,27501.30273,400,25331.71094,-867836.7188,-7.89,2022-09-09,2022-09-30,14,22.44142782,15.31400859,685.9149712,41787021.91,0.84083797
2897.T,9800.580078,1000,9835.59668,35016.60156,0.36,2022-09-27,2022-10-06,6,35.26005395,22.13285381,503.1633195,41822038.52,0.842380551
5021.T,3737.35498,2700,3717.364746,-53973.63281,-0.53,2022-09-15,2022-10-11,17,37.11535836,32.80971087,542.0432152,41768064.88,0.840002858
4206.T,3009.979736,3400,3053.462646,147841.8945,1.44,2022-10-03,2022-10-12,6,45.18452929,39.1436602,432.8365031,41915906.78,0.846515717
9744.T,2254.451416,4800,2283.936523,141528.5156,1.31,2022-09-12,2022-10-13,22,13.402163,8.606590642,659.2700248,42057435.29,0.852750453
6501.T,6277.418945,100,6419.930176,14251.12305,2.27,2022-09-29,2022-10-14,10,12.17028228,7.860790844,404.1510741,42071686.42,0.853378256
5401.T,2019.833862,4900,1927.634277,-451777.9663,-4.56,2022-10-06,2022-10-28,16,42.03646187,24.97927519,551.0526193,41619908.45,0.833476143
3382.T,5497.841309,4400,5530.478027,143601.5625,0.59,2022-10-18,2022-11-01,10,36.64235285,26.11917298,584.3314812,41763510.01,0.839802203
2229.T,2925.570801,3500,2928.516113,10308.59375,0.1,2022-11-01,2022-11-02,1,39.4410213,38.49188542,615.4456326,41773818.61,0.840256326
7164.T,4724.64502,4400,4831.47168,470037.3047,2.26,2022-11-02,2022-11-14,8,50.95240629,43.74924831,533.5186112,42243855.91,0.860962815
8308.T,555.2507324,300,561.1720581,1776.397705,1.07,2022-11-08,2022-11-14,4,58.65035864,54.88279175,472.919437,42245632.31,0.861041071
4403.T,5340.602051,1800,5350.419434,17671.28906,0.18,2022-11-07,2022-11-15,6,56.74690139,33.20513274,392.3150866,42263303.6,0.861819542
4612.T,946.7072754,8400,1101.029419,1296306.006,16.3,2022-10-19,2022-11-17,21,14.79084056,9.015732536,305.2076958,43559609.6,0.918925533
2784.T,1678.849609,1900,1661.187866,-33557.31201,-1.05,2022-10-31,2022-11-22,16,43.03995019,30.22984506,416.7681202,43526052.29,0.917447238
8698.T,438.7946777,300,443.7138977,1475.765991,1.12,2022-11-16,2022-11-24,6,19.35999382,16.54703814,365.1974937,43527528.06,0.917512249
8595.T,2104.118164,14700,2215.251221,1633655.933,5.28,2022-11-15,2022-12-01,12,42.98297593,38.79795176,515.593066,45161183.99,0.989479471
7186.T,435.2796631,21300,453.6174011,390593.8202,4.21,2022-11-17,2022-12-01,10,14.79999241,11.85115911,512.9227227,45551777.81,1.006686247
8331.T,814.0334473,3800,815.0177612,3740.393066,0.12,2022-11-22,2022-12-07,11,36.43566741,20.97464113,603.6582192,45555518.2,1.006851022
9432.T,95.42425537,100,93.23915863,-218.5096741,-2.29,2022-11-21,2022-12-13,16,15.94131397,8.123362772,631.5404594,45555299.69,1.006841396
8572.T,314.6706848,600,310.797821,-2323.718262,-1.23,2022-11-24,2022-12-15,15,41.00002051,28.24444209,419.3623045,45552975.98,1.00673903
1942.T,840.810791,200,841.7806396,193.9697266,0.12,2022-12-13,2022-12-26,8,33.13073677,27.0706454,554.7946051,45553169.95,1.006747575
9984.T,5871.725098,7100,5751.650391,-852530.4199,-2.04,2022-12-06,2022-12-27,13,9.622204644,8.842027407,603.5046279,44700639.53,0.969191169
5108.T,4863.404297,700,4613.334473,-175048.877,-5.14,2022-12-09,2022-12-30,13,10.50108286,8.407056884,661.4471058,44525590.65,0.961479764
8308.T,701.6350098,200,702.0233154,77.66113281,0.06,2022-12-22,2022-12-30,4,70.57931399,60.32457975,112.2530796,44525668.31,0.961483185
3941.T,848.1306152,100,868.6027832,2047.216797,2.41,2022-12-14,2023-01-06,14,34.44446236,29.33334376,580.755889,44527715.53,0.961573371
2433.T,1286.037109,100,1288.966553,292.9443359,0.23,2022-12-26,2023-01-16,13,33.69529011,24.50839741,534.5408835,44528008.47,0.961586276
8303.T,2166.596924,1000,2281.989502,115392.5781,5.33,2023-01-05,2023-01-19,10,13.9121178,9.918598274,109.7358645,44643401.05,0.96666965
5713.T,4790.145508,100,4943.663086,15351.75781,3.2,2023-01-11,2023-01-19,6,49.52721538,33.76073258,596.8883576,44658752.81,0.967345939
6702.T,17434.85156,2300,18420.98633,2268109.961,5.66,2022-12-27,2023-01-30,20,25.48906618,18.21507206,646.6795127,46926862.77,1.067262677
9531.T,2419.729492,100,2803.953369,38422.3877,15.88,2023-01-17,2023-02-01,8,28.43604657,23.45026307,365.4482429,46965285.15,1.068955293
4348.T,2138.857666,100,2158.689453,1983.178711,0.93,2023-01-23,2023-02-01,5,59.99772382,53.57725193,383.9712258,46967268.33,1.069042658
6988.T,7494.250977,200,7971.158203,95381.44531,6.36,2023-01-10,2023-02-02,14,8.625843217,5.803489326,661.6318639,47062649.78,1.073244484
2229.T,2863.721436,900,2839.178223,-22088.8916,-0.86,2023-01-20,2023-02-15,15,15.69701119,9.41270192,540.5476609,47040560.89,1.072271405
6857.T,2360.993164,900,2463.116699,91911.18164,4.33,2023-02-06,2023-02-15,7,75.41644961,70.39174073,294.8123023,47132472.07,1.076320355
5076.T,963.5497437,1300,972.8775024,12126.08643,0.97,2023-02-16,2023-02-24,6,46.41079521,35.34963695,544.418675,47144598.16,1.076854544
9503.T,1199.062744,35300,1253.345337,1916175.525,4.53,2023-01-30,2023-02-27,20,45.8620889,37.36812982,538.4298846,49060773.68,1.161267563
6028.T,3344.360596,13400,3378.838623,462005.5664,1.03,2023-02-27,2023-03-01,2,10.35330081,8.745031401,627.5919614,49522779.25,1.181620231
7177.T,560.022522,2200,571.8125,25937.95166,2.11,2023-02-20,2023-03-07,11,38.09360389,27.80548762,612.7562459,49548717.2,1.182762872
7741.T,13163.53223,3400,13566.64941,1370598.438,3.06,2023-03-01,2023-03-15,10,13.348571,9.795503919,633.3594019,50919315.64,1.243141658
6532.T,5436.970215,500,5380.179688,-28395.26367,-1.04,2023-02-24,2023-03-17,15,47.78654364,46.3347038,537.3752512,50890920.37,1.241890765
5019.T,2962.039795,200,2722.186768,-47970.60547,-8.1,2023-03-03,2023-03-17,10,14.27433753,8.488596997,654.4817118,50842949.77,1.239777523
6183.T,1441.270386,100,1388.325806,-5294.458008,-3.67,2023-03-06,2023-03-28,16,54.35049829,44.31572003,537.0480663,50837655.31,1.239544287
3148.T,3390.325195,300,3370.469482,-5956.713867,-0.59,2023-03-07,2023-03-29,16,29.64354019,18.05421298,653.8102599,50831698.59,1.239281876
4716.T,8774.974609,200,9099.973633,64999.80469,3.7,2023-03-22,2023-04-05,9,16.14695497,15.88770879,329.7617865,50896698.4,1.242145304
6586.T,3310.169922,14000,3096.785645,-2987379.883,-6.45,2023-03-15,2023-04-06,15,17.98208549,13.0862375,547.1252498,47909318.52,1.110542666
1878.T,12678.40625,100,13159.3418,48093.55469,3.79,2023-03-29,2023-04-07,5,45.36642292,35.08665613,593.1788137,47957412.07,1.112661325
4042.T,1717.191528,100,1727.580566,1038.903809,0.61,2023-03-28,2023-04-10,6,28.55491968,23.08322926,566.6262387,47958450.98,1.112707091
4819.T,4188.087402,300,4515,98073.7793,7.81,2023-03-17,2023-04-11,14,16.53710454,9.602508514,22.31350574,48056524.75,1.117027522
6753.T,957,12100,963,72600,0.63,2023-04-11,2023-04-19,6,72.94794189,67.97628789,126.6316643,48129124.75,1.12022576
8697.T,2029.228394,7700,2110.832764,628353.6499,4.02,2023-04-07,2023-04-20,8,82.95700096,76.97993507,2.604294915,48757478.4,1.147906538
7550.T,3998.047607,5200,4277.212891,1451659.473,6.98,2023-04-10,2023-04-26,12,54.65941129,48.84192535,355.5116504,50209137.88,1.211856294
2502.T,5013.284668,5500,5174.684082,887696.7773,3.22,2023-04-20,2023-04-27,5,80.04509704,73.33147328,327.8362304,51096834.65,1.250961879
6055.T,2116,100,1829,-28700,-13.56,2023-04-24,2023-05-15,14,15.66079047,9.9223443,217.4009532,51068134.65,1.249697562
2317.T,280.8745422,100,295.6057434,1473.120117,5.24,2023-04-13,2023-05-16,22,22.4307079,13.96079606,7.894000817,51069607.77,1.249762457
4536.T,1081.694946,47000,1266.591553,8690140.503,17.09,2023-04-27,2023-05-19,15,32.96707463,24.90787871,585.1920295,59759748.28,1.63258803
8331.T,870.2138062,100,878.1069336,789.3127441,0.91,2023-05-16,2023-05-23,5,67.36843044,61.81235904,23.82885041,59760537.59,1.632622801
2897.T,12291.24121,3300,12092.51465,-655797.6563,-1.62,2023-05-19,2023-06-09,14,47.41256585,43.10793123,505.8133234,59104739.93,1.603733037
4151.T,2724.697266,6900,2692.519775,-222024.6826,-1.18,2023-05-22,2023-06-12,14,19.49974391,16.21801951,635.7694548,58882715.25,1.593952214
8604.T,497,200,517,4000,4.02,2023-05-15,2023-06-13,20,22.82096166,14.36057283,453.6213259,58886715.25,1.594128425
4921.T,2291.1604,100,2368.591309,7743.09082,3.38,2023-05-29,2023-06-13,11,29.38546121,23.33497228,30.19042908,58894458.34,1.59446953
8020.T,1857.619385,21500,2021.238892,3517819.397,8.81,2023-06-09,2023-06-21,8,57.11817787,48.74858768,567.6574523,62412277.74,1.749439548
7167.T,336.6615601,100,333.6997375,-296.182251,-0.88,2023-06-02,2023-06-23,14,24.66666815,12.46966717,272.6749912,62411981.56,1.7494265
6504.T,6370.93457,1000,6174.661621,-196272.9492,-3.08,2023-06-13,2023-07-04,14,73.63739801,69.22157985,428.6934861,62215708.61,1.740780115
8174.T,1915.66272,6500,1964.340942,316408.4473,2.54,2023-06-12,2023-07-05,16,28.66665929,26.68695165,604.7518428,62532117.06,1.754718813
1928.T,2709.938721,16000,2843.182373,2131898.438,4.92,2023-06-21,2023-07-06,10,21.88568886,16.75198598,54.9580964,64664015.49,1.848635044
4689.T,359.3999939,200,387.7000122,5660.003662,7.87,2023-06-16,2023-07-12,17,58.44485917,44.40210563,13.91994407,64669675.5,1.848884383
9508.T,932.5999756,100,885.5999756,-4700,-5.04,2023-06-28,2023-07-20,16,70.43961339,62.28142813,382.2079131,64664975.5,1.848677335
4587.T,1817.5,200,1829,2300,0.63,2023-07-19,2023-08-01,9,3.854844105,3.168076774,680.8844296,64667275.5,1.848778656
5713.T,4714.699219,3300,4857.839844,472364.0625,3.04,2023-07-18,2023-08-02,11,42.21120638,26.20509526,681.6294057,65139639.56,1.869587646
3289.T,795.5939331,100,808.4053955,1281.14624,1.61,2023-07-21,2023-08-03,9,16.59832589,10.5677571,691.9936342,65140920.7,1.869644084
4716.T,10340,4700,9820,-2444000,-5.03,2023-07-13,2023-08-04,16,10.75305055,6.349667976,482.2415116,62696920.7,1.761978886
3038.T,3731.678955,100,3755.536377,2385.742188,0.64,2023-08-01,2023-08-07,4,58.54544732,50.87272463,181.7608576,62699306.45,1.762083984
9432.T,165.1156006,200,161.7620087,-670.7183838,-2.03,2023-07-24,2023-08-15,16,16.87149559,9.740193725,461.026233,62698635.73,1.762054437
4980.T,3283.92749,4300,3297.796143,59635.20508,0.42,2023-08-07,2023-08-15,6,66.99601854,63.31586085,409.9184465,62758270.93,1.764681539
1959.T,4146.548828,3400,4220.682617,252054.8828,1.79,2023-08-08,2023-08-18,8,76.26208297,71.59215733,171.5606205,63010325.82,1.775785278
7550.T,7269.268066,1000,6530.476563,-738791.5039,-10.16,2023-08-15,2023-08-18,3,45.31483438,40.04559207,570.7669856,62271534.31,1.743239397
9418.T,3279.71875,6400,3449.1875,1084600,5.17,2023-08-04,2023-08-28,16,21.94690265,19.19095623,181.8255262,63356134.31,1.791019133
9143.T,2106.661133,6300,2106.16748,-3110.009766,-0.02,2023-08-10,2023-09-01,16,35.82959428,20.57713113,439.5789749,63353024.3,1.790882128
7747.T,2866.5,3100,2937,218550,2.46,2023-08-23,2023-09-05,9,52.25974026,44.5417827,571.4599208,63571574.3,1.800509881
6670.T,1119,8400,1171,436800,4.65,2023-08-21,2023-09-06,12,59.37520882,56.61434365,533.0177813,64008374.3,1.819752172
4819.T,3785,2500,3490,-737500,-7.79,2023-08-22,2023-09-07,12,17.79009385,15.41768039,583.7457248,63270874.3,1.787263185
4042.T,1830.96106,12100,1907.884033,930767.981,4.2,2023-08-28,2023-09-08,9,56.03955592,39.14440972,612.2631368,64201642.28,1.82826618
6857.T,4604.189941,2100,4210.754883,-826213.623,-8.55,2023-09-06,2023-09-11,3,24.89361906,21.14894,79.06130699,63375428.66,1.791869104
4528.T,2845.937988,4800,2857.769287,56790.23438,0.42,2023-09-12,2023-09-20,6,74.62484525,64.05572458,477.1934157,63432218.9,1.794370876
4452.T,5674,2300,5461,-489900,-3.75,2023-09-01,2023-09-25,16,64.97128028,60.14469082,449.4911881,62942318.9,1.772789379
7453.T,1919,4900,1931.5,61250,0.65,2023-09-05,2023-09-25,14,55.28960087,43.63258444,589.107186,63003568.9,1.775487617
4523.T,8898.074219,1500,8117.524414,-1170824.707,-8.77,2023-09-15,2023-09-26,7,17.4763595,11.0614762,593.7381832,61832744.19,1.723909436
2531.T,1277.5,10700,1176.5,-1080700,-7.91,2023-09-14,2023-10-03,12,33.19490326,23.47742575,514.080408,60752044.19,1.676301506
6544.T,2202,5500,2036,-913000,-7.54,2023-09-27,2023-10-16,12,28.13253012,25.28378935,680.4996703,59839044.19,1.636081242
9418.T,3330,3700,3275,-203500,-1.65,2023-09-25,2023-10-23,18,15.77747253,14.10179124,404.6080845,59635544.19,1.627116484
6367.T,23305,400,21400,-762000,-8.17,2023-10-05,2023-10-24,12,11.13567572,9.143941768,283.7387058,58873544.19,1.593548202
4684.T,22895,400,20965,-772000,-8.43,2023-10-06,2023-10-25,12,13.53506614,8.745703643,651.6217457,58101544.19,1.559539392
1973.T,2038,5900,2031,-41300,-0.34,2023-10-10,2023-10-31,14,46.20699684,33.942348,675.6647304,58060244.19,1.557720008
